{
  "count": 2,
  "value": [
    {
      "id": 532,
      "rev": 3,
      "fields": {
        "System.AreaPath": "Azure DevOps Training WCB-Alberta",
        "System.TeamProject": "Azure DevOps Training WCB-Alberta",
        "System.IterationPath": "$ProjectName$\\Iteration 1",
        "System.WorkItemType": "Bug",
        "System.State": "New",
        "System.Reason": "New",
        "System.CreatedDate": "2024-10-17T18:51:38.06Z",
        "System.CreatedBy": "Jonathan Sanderson <jonathan@training.rocketsolid.ca>",
        "System.ChangedDate": "2024-10-17T18:52:56.577Z",
        "System.ChangedBy": "Jonathan Sanderson <jonathan@training.rocketsolid.ca>",
        "System.Title": "Hard refresh required to observe link from the requirement back to the test case",
        "Microsoft.VSTS.Scheduling.Effort": 0.0,
        "System.Description": null,
        "System.AssignedTo": null,
        "Microsoft.VSTS.Scheduling.RemainingWork": 0.0,
        "Microsoft.VSTS.Common.Priority": 2.0,
        "System.BoardLane": null,
        "System.Tags": null,
        "Microsoft.VSTS.TCM.Steps": null,
        "Microsoft.VSTS.TCM.Parameters": null,
        "Microsoft.VSTS.TCM.LocalDataSource": null,
        "Microsoft.VSTS.TCM.AutomationStatus": null,
        "System.History": "<div>Hard refresh to fix the issue</div>"
      },
      "relations": [
        {
          "rel": "System.LinkTypes.Related",
          "url": "https://dev.azure.com/rs-ado-training/_apis/wit/workItems/544",
          "attributes": {
            "isLocked": "false",
            "name": "Related"
          }
        },
        {
          "rel": "System.LinkTypes.Hierarchy-Reverse",
          "url": "https://dev.azure.com/rs-ado-training/_apis/wit/workItems/517",
          "attributes": {
            "isLocked": "false",
            "name": "Parent"
          }
        }
      ],
      "url": "https://dev.azure.com/rs-ado-training/_apis/wit/workItems/532"
    },
    {
      "id": 544,
      "rev": 2,
      "fields": {
        "System.AreaPath": "Azure DevOps Training WCB-Alberta",
        "System.TeamProject": "Azure DevOps Training WCB-Alberta",
        "System.IterationPath": "$ProjectName$\\Iteration 1",
        "System.WorkItemType": "Bug",
        "System.State": "New",
        "System.Reason": "New",
        "System.CreatedDate": "2024-10-17T19:09:42.777Z",
        "System.CreatedBy": "Jonathan Sanderson <jonathan@training.rocketsolid.ca>",
        "System.ChangedDate": "2024-10-17T19:10:08.51Z",
        "System.ChangedBy": "Jonathan Sanderson <jonathan@training.rocketsolid.ca>",
        "System.Title": "Notice the Feature only has one link",
        "Microsoft.VSTS.Scheduling.Effort": 0.0,
        "System.Description": null,
        "System.AssignedTo": null,
        "Microsoft.VSTS.Scheduling.RemainingWork": 0.0,
        "Microsoft.VSTS.Common.Priority": 2.0,
        "System.BoardLane": null,
        "System.Tags": null,
        "Microsoft.VSTS.TCM.Steps": null,
        "Microsoft.VSTS.TCM.Parameters": null,
        "Microsoft.VSTS.TCM.LocalDataSource": null,
        "Microsoft.VSTS.TCM.AutomationStatus": null,
        "System.History": "<div>Hard refresh to fix this issue</div>"
      },
      "relations": [
        {
          "rel": "System.LinkTypes.Hierarchy-Reverse",
          "url": "https://dev.azure.com/rs-ado-training/_apis/wit/workItems/538",
          "attributes": {
            "isLocked": "false",
            "name": "Parent"
          }
        },
        {
          "rel": "System.LinkTypes.Related",
          "url": "https://dev.azure.com/rs-ado-training/_apis/wit/workItems/532",
          "attributes": {
            "isLocked": "false",
            "name": "Related"
          }
        }
      ],
      "url": "https://dev.azure.com/rs-ado-training/_apis/wit/workItems/544"
    }
  ],
  "HttpStatusCode": 0,
  "Message": null
}