{
  "count": 1,
  "value": [
    {
      "id": 549,
      "rev": 2,
      "fields": {
        "System.AreaPath": "Azure DevOps Training WCB-Alberta",
        "System.TeamProject": "Azure DevOps Training WCB-Alberta",
        "System.IterationPath": "$ProjectName$\\Iteration 1",
        "System.WorkItemType": "Epic",
        "System.State": "New",
        "System.Reason": "New",
        "System.CreatedDate": "2024-10-17T19:19:05.183Z",
        "System.CreatedBy": "Jonathan Sanderson <jonathan@training.rocketsolid.ca>",
        "System.ChangedDate": "2024-10-17T19:19:05.183Z",
        "System.ChangedBy": "Jonathan Sanderson <jonathan@training.rocketsolid.ca>",
        "System.Title": "WCB-Alberta ADOT for Employees",
        "Microsoft.VSTS.Scheduling.Effort": 0.0,
        "System.Description": null,
        "System.AssignedTo": null,
        "Microsoft.VSTS.Scheduling.RemainingWork": 0.0,
        "Microsoft.VSTS.Common.Priority": 2.0,
        "System.BoardLane": null,
        "System.Tags": null,
        "Microsoft.VSTS.TCM.Steps": null,
        "Microsoft.VSTS.TCM.Parameters": null,
        "Microsoft.VSTS.TCM.LocalDataSource": null,
        "Microsoft.VSTS.TCM.AutomationStatus": null,
        "System.History": null
      },
      "relations": null,
      "url": "https://dev.azure.com/rs-ado-training/_apis/wit/workItems/549"
    }
  ],
  "HttpStatusCode": 0,
  "Message": null
}