{
  "count": 3,
  "value": [
    {
      "id": 550,
      "rev": 1,
      "fields": {
        "System.AreaPath": "Azure DevOps Training WCB-Alberta",
        "System.TeamProject": "Azure DevOps Training WCB-Alberta",
        "System.IterationPath": "$ProjectName$\\Iteration 1",
        "System.WorkItemType": "Feature",
        "System.State": "New",
        "System.Reason": "New",
        "System.CreatedDate": "2024-10-17T19:19:17.813Z",
        "System.CreatedBy": "Jonathan Sanderson <jonathan@training.rocketsolid.ca>",
        "System.ChangedDate": "2024-10-17T19:19:17.813Z",
        "System.ChangedBy": "Jonathan Sanderson <jonathan@training.rocketsolid.ca>",
        "System.Title": "Morning Session",
        "Microsoft.VSTS.Scheduling.Effort": 0.0,
        "System.Description": null,
        "System.AssignedTo": null,
        "Microsoft.VSTS.Scheduling.RemainingWork": 0.0,
        "Microsoft.VSTS.Common.Priority": 2.0,
        "System.BoardLane": null,
        "System.Tags": null,
        "Microsoft.VSTS.TCM.Steps": null,
        "Microsoft.VSTS.TCM.Parameters": null,
        "Microsoft.VSTS.TCM.LocalDataSource": null,
        "Microsoft.VSTS.TCM.AutomationStatus": null,
        "System.History": null
      },
      "relations": [
        {
          "rel": "System.LinkTypes.Hierarchy-Forward",
          "url": "https://dev.azure.com/rs-ado-training/_apis/wit/workItems/517",
          "attributes": {
            "isLocked": "false",
            "name": "Child"
          }
        },
        {
          "rel": "System.LinkTypes.Hierarchy-Forward",
          "url": "https://dev.azure.com/rs-ado-training/_apis/wit/workItems/516",
          "attributes": {
            "isLocked": "false",
            "name": "Child"
          }
        },
        {
          "rel": "System.LinkTypes.Hierarchy-Forward",
          "url": "https://dev.azure.com/rs-ado-training/_apis/wit/workItems/512",
          "attributes": {
            "isLocked": "false",
            "name": "Child"
          }
        },
        {
          "rel": "System.LinkTypes.Hierarchy-Forward",
          "url": "https://dev.azure.com/rs-ado-training/_apis/wit/workItems/538",
          "attributes": {
            "isLocked": "false",
            "name": "Child"
          }
        },
        {
          "rel": "System.LinkTypes.Hierarchy-Forward",
          "url": "https://dev.azure.com/rs-ado-training/_apis/wit/workItems/546",
          "attributes": {
            "isLocked": "false",
            "name": "Child"
          }
        }
      ],
      "url": "https://dev.azure.com/rs-ado-training/_apis/wit/workItems/550"
    },
    {
      "id": 574,
      "rev": 2,
      "fields": {
        "System.AreaPath": "Azure DevOps Training WCB-Alberta",
        "System.TeamProject": "Azure DevOps Training WCB-Alberta",
        "System.IterationPath": "$ProjectName$\\Iteration 1",
        "System.WorkItemType": "Feature",
        "System.State": "New",
        "System.Reason": "New",
        "System.CreatedDate": "2024-10-17T19:48:18.983Z",
        "System.CreatedBy": "Jonathan Sanderson <jonathan@training.rocketsolid.ca>",
        "System.ChangedDate": "2024-10-17T19:48:19.34Z",
        "System.ChangedBy": "Jonathan Sanderson <jonathan@training.rocketsolid.ca>",
        "System.Title": "Afternoon Session",
        "Microsoft.VSTS.Scheduling.Effort": 0.0,
        "System.Description": null,
        "System.AssignedTo": null,
        "Microsoft.VSTS.Scheduling.RemainingWork": 0.0,
        "Microsoft.VSTS.Common.Priority": 2.0,
        "System.BoardLane": null,
        "System.Tags": null,
        "Microsoft.VSTS.TCM.Steps": null,
        "Microsoft.VSTS.TCM.Parameters": null,
        "Microsoft.VSTS.TCM.LocalDataSource": null,
        "Microsoft.VSTS.TCM.AutomationStatus": null,
        "System.History": null
      },
      "relations": [
        {
          "rel": "System.LinkTypes.Related",
          "url": "https://dev.azure.com/rs-ado-training/_apis/wit/workItems/586",
          "attributes": {
            "isLocked": "false",
            "name": "Related"
          }
        },
        {
          "rel": "System.LinkTypes.Hierarchy-Forward",
          "url": "https://dev.azure.com/rs-ado-training/_apis/wit/workItems/579",
          "attributes": {
            "isLocked": "false",
            "name": "Child"
          }
        },
        {
          "rel": "System.LinkTypes.Hierarchy-Forward",
          "url": "https://dev.azure.com/rs-ado-training/_apis/wit/workItems/576",
          "attributes": {
            "isLocked": "false",
            "name": "Child"
          }
        },
        {
          "rel": "System.LinkTypes.Hierarchy-Forward",
          "url": "https://dev.azure.com/rs-ado-training/_apis/wit/workItems/578",
          "attributes": {
            "isLocked": "false",
            "name": "Child"
          }
        },
        {
          "rel": "System.LinkTypes.Hierarchy-Forward",
          "url": "https://dev.azure.com/rs-ado-training/_apis/wit/workItems/577",
          "attributes": {
            "isLocked": "false",
            "name": "Child"
          }
        },
        {
          "rel": "System.LinkTypes.Hierarchy-Forward",
          "url": "https://dev.azure.com/rs-ado-training/_apis/wit/workItems/575",
          "attributes": {
            "isLocked": "false",
            "name": "Child"
          }
        }
      ],
      "url": "https://dev.azure.com/rs-ado-training/_apis/wit/workItems/574"
    },
    {
      "id": 586,
      "rev": 2,
      "fields": {
        "System.AreaPath": "$ProjectName$\\Cohorts\\2014-10-18",
        "System.TeamProject": "Azure DevOps Training WCB-Alberta",
        "System.IterationPath": "$ProjectName$\\Iteration 1",
        "System.WorkItemType": "Feature",
        "System.State": "New",
        "System.Reason": "New",
        "System.CreatedDate": "2024-10-18T10:33:42.363Z",
        "System.CreatedBy": "Jonathan Sanderson <jonathan@training.rocketsolid.ca>",
        "System.ChangedDate": "2024-10-18T10:34:55.217Z",
        "System.ChangedBy": "Jonathan Sanderson <jonathan@training.rocketsolid.ca>",
        "System.Title": "Afternoon Session",
        "Microsoft.VSTS.Scheduling.Effort": 0.0,
        "System.Description": null,
        "System.AssignedTo": null,
        "Microsoft.VSTS.Scheduling.RemainingWork": 0.0,
        "Microsoft.VSTS.Common.Priority": 2.0,
        "System.BoardLane": null,
        "System.Tags": null,
        "Microsoft.VSTS.TCM.Steps": null,
        "Microsoft.VSTS.TCM.Parameters": null,
        "Microsoft.VSTS.TCM.LocalDataSource": null,
        "Microsoft.VSTS.TCM.AutomationStatus": null,
        "System.History": null
      },
      "relations": [
        {
          "rel": "System.LinkTypes.Hierarchy-Forward",
          "url": "https://dev.azure.com/rs-ado-training/_apis/wit/workItems/584",
          "attributes": {
            "isLocked": "false",
            "name": "Child"
          }
        },
        {
          "rel": "System.LinkTypes.Hierarchy-Forward",
          "url": "https://dev.azure.com/rs-ado-training/_apis/wit/workItems/585",
          "attributes": {
            "isLocked": "false",
            "name": "Child"
          }
        },
        {
          "rel": "System.LinkTypes.Hierarchy-Forward",
          "url": "https://dev.azure.com/rs-ado-training/_apis/wit/workItems/581",
          "attributes": {
            "isLocked": "false",
            "name": "Child"
          }
        },
        {
          "rel": "System.LinkTypes.Hierarchy-Forward",
          "url": "https://dev.azure.com/rs-ado-training/_apis/wit/workItems/582",
          "attributes": {
            "isLocked": "false",
            "name": "Child"
          }
        },
        {
          "rel": "System.LinkTypes.Related",
          "url": "https://dev.azure.com/rs-ado-training/_apis/wit/workItems/574",
          "attributes": {
            "isLocked": "false",
            "name": "Related"
          }
        },
        {
          "rel": "System.LinkTypes.Hierarchy-Forward",
          "url": "https://dev.azure.com/rs-ado-training/_apis/wit/workItems/583",
          "attributes": {
            "isLocked": "false",
            "name": "Child"
          }
        }
      ],
      "url": "https://dev.azure.com/rs-ado-training/_apis/wit/workItems/586"
    }
  ],
  "HttpStatusCode": 0,
  "Message": null
}