{
  "count": 1,
  "value": [
    {
      "id": 551,
      "rev": 1,
      "fields": {
        "System.AreaPath": "Azure DevOps Training WCB-Alberta",
        "System.TeamProject": "Azure DevOps Training WCB-Alberta",
        "System.IterationPath": "$ProjectName$\\Iteration 1",
        "System.WorkItemType": "Issue",
        "System.State": "Active",
        "System.Reason": "New",
        "System.CreatedDate": "2024-10-17T19:21:36.8Z",
        "System.CreatedBy": "Jonathan Sanderson <jonathan@training.rocketsolid.ca>",
        "System.ChangedDate": "2024-10-17T19:21:36.8Z",
        "System.ChangedBy": "Jonathan Sanderson <jonathan@training.rocketsolid.ca>",
        "System.Title": "User typing distracts from learning opportunities",
        "Microsoft.VSTS.Scheduling.Effort": 0.0,
        "System.Description": "<div><div style=\"box-sizing:border-box;\">This exercise has a fair bit of typing and some technical aspects. It might be better to provide text for users to copy and paste instead of typing everything out.<br style=\"box-sizing:border-box;\"> </div><div style=\"box-sizing:border-box;\"><br style=\"box-sizing:border-box;\">Use this information to help populate the user story template. </div><div style=\"box-sizing:border-box;\"><br style=\"box-sizing:border-box;\"> </div><div style=\"box-sizing:border-box;\">———<br style=\"box-sizing:border-box;\"><br style=\"box-sizing:border-box;\"><span style=\"box-sizing:border-box;color:rgba(0, 0, 0, 0.9);font-size:15px;display:inline !important;\">Title:&nbsp;</span><p style=\"box-sizing:border-box;margin:0px 0px 16px;color:rgba(0, 0, 0, 0.9);font-size:15px;\"><span style=\"box-sizing:border-box;\">[User] can [Activity] (TEMPLATE)<br style=\"box-sizing:border-box;\"><br style=\"box-sizing:border-box;\"><span style=\"box-sizing:border-box;margin:0px;\">Description:&nbsp;<br style=\"box-sizing:border-box;\"></span></span> </p><div style=\"box-sizing:border-box;margin:0px;\">As a [user],<br style=\"box-sizing:border-box;\"> </div><div style=\"box-sizing:border-box;margin:0px;\">I want to [activity],<br style=\"box-sizing:border-box;\"> </div><div style=\"box-sizing:border-box;margin:0px;\">So that [benefit]<br style=\"box-sizing:border-box;\"><br style=\"box-sizing:border-box;\"><span style=\"box-sizing:border-box;display:inline !important;\">Acceptance Criteria:</span><br style=\"box-sizing:border-box;\"><div style=\"box-sizing:border-box;\">Given [my initial state]<br style=\"box-sizing:border-box;\"> </div><div style=\"box-sizing:border-box;\">When [I perform this action]<br style=\"box-sizing:border-box;\"> </div><div style=\"box-sizing:border-box;\">Then [the change I want to observe] </div><br style=\"box-sizing:border-box;\">———<br style=\"box-sizing:border-box;\"><br style=\"box-sizing:border-box;\"><div style=\"box-sizing:border-box;\">Check out the Gherkin reference:<br style=\"box-sizing:border-box;\"> </div><div style=\"box-sizing:border-box;\"><a href=\"https://cucumber.io/docs/gherkin/reference/\" style=\"box-sizing:border-box;text-decoration:underline;cursor:pointer;\">https://cucumber.io/docs/gherkin/reference/</a> </div> </div> </div><br> </div>",
        "System.AssignedTo": null,
        "Microsoft.VSTS.Scheduling.RemainingWork": 0.0,
        "Microsoft.VSTS.Common.Priority": 2.0,
        "System.BoardLane": null,
        "System.Tags": null,
        "Microsoft.VSTS.TCM.Steps": null,
        "Microsoft.VSTS.TCM.Parameters": null,
        "Microsoft.VSTS.TCM.LocalDataSource": null,
        "Microsoft.VSTS.TCM.AutomationStatus": null,
        "System.History": null
      },
      "relations": [
        {
          "rel": "System.LinkTypes.Related",
          "url": "https://dev.azure.com/rs-ado-training/_apis/wit/workItems/552",
          "attributes": {
            "isLocked": "false",
            "name": "Related"
          }
        },
        {
          "rel": "System.LinkTypes.Related",
          "url": "https://dev.azure.com/rs-ado-training/_apis/wit/workItems/546",
          "attributes": {
            "isLocked": "false",
            "name": "Related"
          }
        }
      ],
      "url": "https://dev.azure.com/rs-ado-training/_apis/wit/workItems/551"
    }
  ],
  "HttpStatusCode": 0,
  "Message": null
}