{
  "count": 50,
  "value": [
    {
      "id": 513,
      "rev": 1,
      "fields": {
        "System.AreaPath": "Azure DevOps Training WCB-Alberta",
        "System.TeamProject": "Azure DevOps Training WCB-Alberta",
        "System.IterationPath": "$ProjectName$\\Iteration 1",
        "System.WorkItemType": "Task",
        "System.State": "New",
        "System.Reason": "New",
        "System.CreatedDate": "2024-10-17T18:33:16.423Z",
        "System.CreatedBy": "Jonathan Sanderson <jonathan@training.rocketsolid.ca>",
        "System.ChangedDate": "2024-10-17T18:33:16.423Z",
        "System.ChangedBy": "Jonathan Sanderson <jonathan@training.rocketsolid.ca>",
        "System.Title": "Sign in to aex.dev.azure.com",
        "Microsoft.VSTS.Scheduling.Effort": 0.0,
        "System.Description": null,
        "System.AssignedTo": null,
        "Microsoft.VSTS.Scheduling.RemainingWork": 0.0,
        "Microsoft.VSTS.Common.Priority": 2.0,
        "System.BoardLane": null,
        "System.Tags": null,
        "Microsoft.VSTS.TCM.Steps": null,
        "Microsoft.VSTS.TCM.Parameters": null,
        "Microsoft.VSTS.TCM.LocalDataSource": null,
        "Microsoft.VSTS.TCM.AutomationStatus": null,
        "System.History": null
      },
      "relations": [
        {
          "rel": "System.LinkTypes.Hierarchy-Reverse",
          "url": "https://dev.azure.com/rs-ado-training/_apis/wit/workItems/512",
          "attributes": {
            "isLocked": "false",
            "name": "Parent"
          }
        }
      ],
      "url": "https://dev.azure.com/rs-ado-training/_apis/wit/workItems/513"
    },
    {
      "id": 514,
      "rev": 2,
      "fields": {
        "System.AreaPath": "Azure DevOps Training WCB-Alberta",
        "System.TeamProject": "Azure DevOps Training WCB-Alberta",
        "System.IterationPath": "$ProjectName$\\Iteration 1",
        "System.WorkItemType": "Task",
        "System.State": "New",
        "System.Reason": "New",
        "System.CreatedDate": "2024-10-17T18:33:37.883Z",
        "System.CreatedBy": "Jonathan Sanderson <jonathan@training.rocketsolid.ca>",
        "System.ChangedDate": "2024-10-18T10:45:34.17Z",
        "System.ChangedBy": "Jonathan Sanderson <jonathan@training.rocketsolid.ca>",
        "System.Title": "Update first name and second name on profile",
        "Microsoft.VSTS.Scheduling.Effort": 0.0,
        "System.Description": null,
        "System.AssignedTo": null,
        "Microsoft.VSTS.Scheduling.RemainingWork": 0.0,
        "Microsoft.VSTS.Common.Priority": 2.0,
        "System.BoardLane": null,
        "System.Tags": null,
        "Microsoft.VSTS.TCM.Steps": null,
        "Microsoft.VSTS.TCM.Parameters": null,
        "Microsoft.VSTS.TCM.LocalDataSource": null,
        "Microsoft.VSTS.TCM.AutomationStatus": null,
        "System.History": null
      },
      "relations": [
        {
          "rel": "System.LinkTypes.Hierarchy-Reverse",
          "url": "https://dev.azure.com/rs-ado-training/_apis/wit/workItems/512",
          "attributes": {
            "isLocked": "false",
            "name": "Parent"
          }
        }
      ],
      "url": "https://dev.azure.com/rs-ado-training/_apis/wit/workItems/514"
    },
    {
      "id": 515,
      "rev": 3,
      "fields": {
        "System.AreaPath": "Azure DevOps Training WCB-Alberta",
        "System.TeamProject": "Azure DevOps Training WCB-Alberta",
        "System.IterationPath": "$ProjectName$\\Iteration 1",
        "System.WorkItemType": "Task",
        "System.State": "New",
        "System.Reason": "New",
        "System.CreatedDate": "2024-10-17T18:33:55.207Z",
        "System.CreatedBy": "Jonathan Sanderson <jonathan@training.rocketsolid.ca>",
        "System.ChangedDate": "2024-10-17T20:03:37.6Z",
        "System.ChangedBy": "Jonathan Sanderson <jonathan@training.rocketsolid.ca>",
        "System.Title": "Add a comment to the discussion on this task",
        "Microsoft.VSTS.Scheduling.Effort": 0.0,
        "System.Description": "<div>Add your name and work email below </div>",
        "System.AssignedTo": null,
        "Microsoft.VSTS.Scheduling.RemainingWork": 0.0,
        "Microsoft.VSTS.Common.Priority": 2.0,
        "System.BoardLane": null,
        "System.Tags": null,
        "Microsoft.VSTS.TCM.Steps": null,
        "Microsoft.VSTS.TCM.Parameters": null,
        "Microsoft.VSTS.TCM.LocalDataSource": null,
        "Microsoft.VSTS.TCM.AutomationStatus": null,
        "System.History": "<div>Example Jonathan Sanderson (jonathan@rocketsolid.ca)</div>"
      },
      "relations": [
        {
          "rel": "System.LinkTypes.Hierarchy-Reverse",
          "url": "https://dev.azure.com/rs-ado-training/_apis/wit/workItems/512",
          "attributes": {
            "isLocked": "false",
            "name": "Parent"
          }
        }
      ],
      "url": "https://dev.azure.com/rs-ado-training/_apis/wit/workItems/515"
    },
    {
      "id": 518,
      "rev": 2,
      "fields": {
        "System.AreaPath": "Azure DevOps Training WCB-Alberta",
        "System.TeamProject": "Azure DevOps Training WCB-Alberta",
        "System.IterationPath": "$ProjectName$\\Iteration 1",
        "System.WorkItemType": "Task",
        "System.State": "New",
        "System.Reason": "New",
        "System.CreatedDate": "2024-10-17T18:36:54.43Z",
        "System.CreatedBy": "Jonathan Sanderson <jonathan@training.rocketsolid.ca>",
        "System.ChangedDate": "2024-10-17T18:44:52.67Z",
        "System.ChangedBy": "Jonathan Sanderson <jonathan@training.rocketsolid.ca>",
        "System.Title": "Create an Epic \"Morning Session\"",
        "Microsoft.VSTS.Scheduling.Effort": 0.0,
        "System.Description": null,
        "System.AssignedTo": null,
        "Microsoft.VSTS.Scheduling.RemainingWork": 0.0,
        "Microsoft.VSTS.Common.Priority": 2.0,
        "System.BoardLane": null,
        "System.Tags": null,
        "Microsoft.VSTS.TCM.Steps": null,
        "Microsoft.VSTS.TCM.Parameters": null,
        "Microsoft.VSTS.TCM.LocalDataSource": null,
        "Microsoft.VSTS.TCM.AutomationStatus": null,
        "System.History": null
      },
      "relations": [
        {
          "rel": "System.LinkTypes.Hierarchy-Reverse",
          "url": "https://dev.azure.com/rs-ado-training/_apis/wit/workItems/516",
          "attributes": {
            "isLocked": "false",
            "name": "Parent"
          }
        }
      ],
      "url": "https://dev.azure.com/rs-ado-training/_apis/wit/workItems/518"
    },
    {
      "id": 519,
      "rev": 3,
      "fields": {
        "System.AreaPath": "Azure DevOps Training WCB-Alberta",
        "System.TeamProject": "Azure DevOps Training WCB-Alberta",
        "System.IterationPath": "$ProjectName$\\Iteration 1",
        "System.WorkItemType": "Task",
        "System.State": "New",
        "System.Reason": "New",
        "System.CreatedDate": "2024-10-17T18:37:08.53Z",
        "System.CreatedBy": "Jonathan Sanderson <jonathan@training.rocketsolid.ca>",
        "System.ChangedDate": "2024-10-17T18:45:01.443Z",
        "System.ChangedBy": "Jonathan Sanderson <jonathan@training.rocketsolid.ca>",
        "System.Title": "Create a Feature \"Exercise 02\"",
        "Microsoft.VSTS.Scheduling.Effort": 0.0,
        "System.Description": null,
        "System.AssignedTo": null,
        "Microsoft.VSTS.Scheduling.RemainingWork": 0.0,
        "Microsoft.VSTS.Common.Priority": 2.0,
        "System.BoardLane": null,
        "System.Tags": null,
        "Microsoft.VSTS.TCM.Steps": null,
        "Microsoft.VSTS.TCM.Parameters": null,
        "Microsoft.VSTS.TCM.LocalDataSource": null,
        "Microsoft.VSTS.TCM.AutomationStatus": null,
        "System.History": null
      },
      "relations": [
        {
          "rel": "System.LinkTypes.Hierarchy-Reverse",
          "url": "https://dev.azure.com/rs-ado-training/_apis/wit/workItems/516",
          "attributes": {
            "isLocked": "false",
            "name": "Parent"
          }
        }
      ],
      "url": "https://dev.azure.com/rs-ado-training/_apis/wit/workItems/519"
    },
    {
      "id": 520,
      "rev": 2,
      "fields": {
        "System.AreaPath": "Azure DevOps Training WCB-Alberta",
        "System.TeamProject": "Azure DevOps Training WCB-Alberta",
        "System.IterationPath": "$ProjectName$\\Iteration 1",
        "System.WorkItemType": "Task",
        "System.State": "New",
        "System.Reason": "New",
        "System.CreatedDate": "2024-10-17T18:37:28.35Z",
        "System.CreatedBy": "Jonathan Sanderson <jonathan@training.rocketsolid.ca>",
        "System.ChangedDate": "2024-10-17T18:46:10.237Z",
        "System.ChangedBy": "Jonathan Sanderson <jonathan@training.rocketsolid.ca>",
        "System.Title": "Create a User Story \"Changing the State of Requirements\"",
        "Microsoft.VSTS.Scheduling.Effort": 0.0,
        "System.Description": null,
        "System.AssignedTo": null,
        "Microsoft.VSTS.Scheduling.RemainingWork": 0.0,
        "Microsoft.VSTS.Common.Priority": 2.0,
        "System.BoardLane": null,
        "System.Tags": null,
        "Microsoft.VSTS.TCM.Steps": null,
        "Microsoft.VSTS.TCM.Parameters": null,
        "Microsoft.VSTS.TCM.LocalDataSource": null,
        "Microsoft.VSTS.TCM.AutomationStatus": null,
        "System.History": null
      },
      "relations": [
        {
          "rel": "System.LinkTypes.Hierarchy-Reverse",
          "url": "https://dev.azure.com/rs-ado-training/_apis/wit/workItems/516",
          "attributes": {
            "isLocked": "false",
            "name": "Parent"
          }
        }
      ],
      "url": "https://dev.azure.com/rs-ado-training/_apis/wit/workItems/520"
    },
    {
      "id": 521,
      "rev": 2,
      "fields": {
        "System.AreaPath": "Azure DevOps Training WCB-Alberta",
        "System.TeamProject": "Azure DevOps Training WCB-Alberta",
        "System.IterationPath": "$ProjectName$\\Iteration 1",
        "System.WorkItemType": "Task",
        "System.State": "New",
        "System.Reason": "New",
        "System.CreatedDate": "2024-10-17T18:38:00.653Z",
        "System.CreatedBy": "Jonathan Sanderson <jonathan@training.rocketsolid.ca>",
        "System.ChangedDate": "2024-10-17T18:38:21.963Z",
        "System.ChangedBy": "Jonathan Sanderson <jonathan@training.rocketsolid.ca>",
        "System.Title": "Create a query for all work items without a link",
        "Microsoft.VSTS.Scheduling.Effort": 0.0,
        "System.Description": "<div>Work item type = any AND </div><div>Related link count = 0 </div>",
        "System.AssignedTo": null,
        "Microsoft.VSTS.Scheduling.RemainingWork": 0.0,
        "Microsoft.VSTS.Common.Priority": 2.0,
        "System.BoardLane": null,
        "System.Tags": null,
        "Microsoft.VSTS.TCM.Steps": null,
        "Microsoft.VSTS.TCM.Parameters": null,
        "Microsoft.VSTS.TCM.LocalDataSource": null,
        "Microsoft.VSTS.TCM.AutomationStatus": null,
        "System.History": null
      },
      "relations": [
        {
          "rel": "System.LinkTypes.Hierarchy-Reverse",
          "url": "https://dev.azure.com/rs-ado-training/_apis/wit/workItems/516",
          "attributes": {
            "isLocked": "false",
            "name": "Parent"
          }
        },
        {
          "rel": "System.LinkTypes.Related",
          "url": "https://dev.azure.com/rs-ado-training/_apis/wit/workItems/523",
          "attributes": {
            "isLocked": "false",
            "name": "Related"
          }
        }
      ],
      "url": "https://dev.azure.com/rs-ado-training/_apis/wit/workItems/521"
    },
    {
      "id": 522,
      "rev": 1,
      "fields": {
        "System.AreaPath": "Azure DevOps Training WCB-Alberta",
        "System.TeamProject": "Azure DevOps Training WCB-Alberta",
        "System.IterationPath": "$ProjectName$\\Iteration 1",
        "System.WorkItemType": "Task",
        "System.State": "New",
        "System.Reason": "New",
        "System.CreatedDate": "2024-10-17T18:39:08.933Z",
        "System.CreatedBy": "Jonathan Sanderson <jonathan@training.rocketsolid.ca>",
        "System.ChangedDate": "2024-10-17T18:39:08.933Z",
        "System.ChangedBy": "Jonathan Sanderson <jonathan@training.rocketsolid.ca>",
        "System.Title": "Create manual links to connect Epic Feature Story through parent-child relationships",
        "Microsoft.VSTS.Scheduling.Effort": 0.0,
        "System.Description": null,
        "System.AssignedTo": null,
        "Microsoft.VSTS.Scheduling.RemainingWork": 0.0,
        "Microsoft.VSTS.Common.Priority": 2.0,
        "System.BoardLane": null,
        "System.Tags": null,
        "Microsoft.VSTS.TCM.Steps": null,
        "Microsoft.VSTS.TCM.Parameters": null,
        "Microsoft.VSTS.TCM.LocalDataSource": null,
        "Microsoft.VSTS.TCM.AutomationStatus": null,
        "System.History": null
      },
      "relations": [
        {
          "rel": "System.LinkTypes.Hierarchy-Reverse",
          "url": "https://dev.azure.com/rs-ado-training/_apis/wit/workItems/516",
          "attributes": {
            "isLocked": "false",
            "name": "Parent"
          }
        }
      ],
      "url": "https://dev.azure.com/rs-ado-training/_apis/wit/workItems/522"
    },
    {
      "id": 523,
      "rev": 2,
      "fields": {
        "System.AreaPath": "Azure DevOps Training WCB-Alberta",
        "System.TeamProject": "Azure DevOps Training WCB-Alberta",
        "System.IterationPath": "$ProjectName$\\Iteration 1",
        "System.WorkItemType": "Task",
        "System.State": "New",
        "System.Reason": "New",
        "System.CreatedDate": "2024-10-17T18:39:45.24Z",
        "System.CreatedBy": "Jonathan Sanderson <jonathan@training.rocketsolid.ca>",
        "System.ChangedDate": "2024-10-17T18:42:32.603Z",
        "System.ChangedBy": "Jonathan Sanderson <jonathan@training.rocketsolid.ca>",
        "System.Title": "Create a query for all work items without a link (again)",
        "Microsoft.VSTS.Scheduling.Effort": 0.0,
        "System.Description": "<div>Work item type = any AND </div><div>Related link count = 0 </div>",
        "System.AssignedTo": null,
        "Microsoft.VSTS.Scheduling.RemainingWork": 0.0,
        "Microsoft.VSTS.Common.Priority": 2.0,
        "System.BoardLane": null,
        "System.Tags": null,
        "Microsoft.VSTS.TCM.Steps": null,
        "Microsoft.VSTS.TCM.Parameters": null,
        "Microsoft.VSTS.TCM.LocalDataSource": null,
        "Microsoft.VSTS.TCM.AutomationStatus": null,
        "System.History": null
      },
      "relations": [
        {
          "rel": "System.LinkTypes.Related",
          "url": "https://dev.azure.com/rs-ado-training/_apis/wit/workItems/521",
          "attributes": {
            "isLocked": "false",
            "name": "Related"
          }
        },
        {
          "rel": "System.LinkTypes.Hierarchy-Reverse",
          "url": "https://dev.azure.com/rs-ado-training/_apis/wit/workItems/516",
          "attributes": {
            "isLocked": "false",
            "name": "Parent"
          }
        }
      ],
      "url": "https://dev.azure.com/rs-ado-training/_apis/wit/workItems/523"
    },
    {
      "id": 524,
      "rev": 1,
      "fields": {
        "System.AreaPath": "Azure DevOps Training WCB-Alberta",
        "System.TeamProject": "Azure DevOps Training WCB-Alberta",
        "System.IterationPath": "$ProjectName$\\Iteration 1",
        "System.WorkItemType": "Task",
        "System.State": "New",
        "System.Reason": "New",
        "System.CreatedDate": "2024-10-17T18:43:32.563Z",
        "System.CreatedBy": "Jonathan Sanderson <jonathan@training.rocketsolid.ca>",
        "System.ChangedDate": "2024-10-17T18:43:32.563Z",
        "System.ChangedBy": "Jonathan Sanderson <jonathan@training.rocketsolid.ca>",
        "System.Title": "Perform a bulk operations on your Epic Feature Task, tag all with \"exercise-02\"",
        "Microsoft.VSTS.Scheduling.Effort": 0.0,
        "System.Description": null,
        "System.AssignedTo": null,
        "Microsoft.VSTS.Scheduling.RemainingWork": 0.0,
        "Microsoft.VSTS.Common.Priority": 2.0,
        "System.BoardLane": null,
        "System.Tags": null,
        "Microsoft.VSTS.TCM.Steps": null,
        "Microsoft.VSTS.TCM.Parameters": null,
        "Microsoft.VSTS.TCM.LocalDataSource": null,
        "Microsoft.VSTS.TCM.AutomationStatus": null,
        "System.History": null
      },
      "relations": [
        {
          "rel": "System.LinkTypes.Hierarchy-Reverse",
          "url": "https://dev.azure.com/rs-ado-training/_apis/wit/workItems/516",
          "attributes": {
            "isLocked": "false",
            "name": "Parent"
          }
        }
      ],
      "url": "https://dev.azure.com/rs-ado-training/_apis/wit/workItems/524"
    },
    {
      "id": 525,
      "rev": 1,
      "fields": {
        "System.AreaPath": "Azure DevOps Training WCB-Alberta",
        "System.TeamProject": "Azure DevOps Training WCB-Alberta",
        "System.IterationPath": "$ProjectName$\\Iteration 1",
        "System.WorkItemType": "Task",
        "System.State": "New",
        "System.Reason": "New",
        "System.CreatedDate": "2024-10-17T18:47:09.293Z",
        "System.CreatedBy": "Jonathan Sanderson <jonathan@training.rocketsolid.ca>",
        "System.ChangedDate": "2024-10-17T18:47:09.293Z",
        "System.ChangedBy": "Jonathan Sanderson <jonathan@training.rocketsolid.ca>",
        "System.Title": "Go to Boards and move story to done",
        "Microsoft.VSTS.Scheduling.Effort": 0.0,
        "System.Description": null,
        "System.AssignedTo": null,
        "Microsoft.VSTS.Scheduling.RemainingWork": 0.0,
        "Microsoft.VSTS.Common.Priority": 2.0,
        "System.BoardLane": null,
        "System.Tags": null,
        "Microsoft.VSTS.TCM.Steps": null,
        "Microsoft.VSTS.TCM.Parameters": null,
        "Microsoft.VSTS.TCM.LocalDataSource": null,
        "Microsoft.VSTS.TCM.AutomationStatus": null,
        "System.History": null
      },
      "relations": [
        {
          "rel": "System.LinkTypes.Hierarchy-Reverse",
          "url": "https://dev.azure.com/rs-ado-training/_apis/wit/workItems/516",
          "attributes": {
            "isLocked": "false",
            "name": "Parent"
          }
        }
      ],
      "url": "https://dev.azure.com/rs-ado-training/_apis/wit/workItems/525"
    },
    {
      "id": 526,
      "rev": 2,
      "fields": {
        "System.AreaPath": "Azure DevOps Training WCB-Alberta",
        "System.TeamProject": "Azure DevOps Training WCB-Alberta",
        "System.IterationPath": "$ProjectName$\\Iteration 1",
        "System.WorkItemType": "Task",
        "System.State": "New",
        "System.Reason": "New",
        "System.CreatedDate": "2024-10-17T18:47:25.49Z",
        "System.CreatedBy": "Jonathan Sanderson <jonathan@training.rocketsolid.ca>",
        "System.ChangedDate": "2024-10-17T18:47:57.083Z",
        "System.ChangedBy": "Jonathan Sanderson <jonathan@training.rocketsolid.ca>",
        "System.Title": "Create a new Test Plan \"My First Test Plan\"",
        "Microsoft.VSTS.Scheduling.Effort": 0.0,
        "System.Description": null,
        "System.AssignedTo": null,
        "Microsoft.VSTS.Scheduling.RemainingWork": 0.0,
        "Microsoft.VSTS.Common.Priority": 2.0,
        "System.BoardLane": null,
        "System.Tags": null,
        "Microsoft.VSTS.TCM.Steps": null,
        "Microsoft.VSTS.TCM.Parameters": null,
        "Microsoft.VSTS.TCM.LocalDataSource": null,
        "Microsoft.VSTS.TCM.AutomationStatus": null,
        "System.History": null
      },
      "relations": [
        {
          "rel": "System.LinkTypes.Hierarchy-Reverse",
          "url": "https://dev.azure.com/rs-ado-training/_apis/wit/workItems/517",
          "attributes": {
            "isLocked": "false",
            "name": "Parent"
          }
        }
      ],
      "url": "https://dev.azure.com/rs-ado-training/_apis/wit/workItems/526"
    },
    {
      "id": 527,
      "rev": 1,
      "fields": {
        "System.AreaPath": "Azure DevOps Training WCB-Alberta",
        "System.TeamProject": "Azure DevOps Training WCB-Alberta",
        "System.IterationPath": "$ProjectName$\\Iteration 1",
        "System.WorkItemType": "Task",
        "System.State": "New",
        "System.Reason": "New",
        "System.CreatedDate": "2024-10-17T18:48:19.9Z",
        "System.CreatedBy": "Jonathan Sanderson <jonathan@training.rocketsolid.ca>",
        "System.ChangedDate": "2024-10-17T18:48:19.9Z",
        "System.ChangedBy": "Jonathan Sanderson <jonathan@training.rocketsolid.ca>",
        "System.Title": "Create a requirements based suite",
        "Microsoft.VSTS.Scheduling.Effort": 0.0,
        "System.Description": null,
        "System.AssignedTo": null,
        "Microsoft.VSTS.Scheduling.RemainingWork": 0.0,
        "Microsoft.VSTS.Common.Priority": 2.0,
        "System.BoardLane": null,
        "System.Tags": null,
        "Microsoft.VSTS.TCM.Steps": null,
        "Microsoft.VSTS.TCM.Parameters": null,
        "Microsoft.VSTS.TCM.LocalDataSource": null,
        "Microsoft.VSTS.TCM.AutomationStatus": null,
        "System.History": null
      },
      "relations": [
        {
          "rel": "System.LinkTypes.Hierarchy-Reverse",
          "url": "https://dev.azure.com/rs-ado-training/_apis/wit/workItems/517",
          "attributes": {
            "isLocked": "false",
            "name": "Parent"
          }
        }
      ],
      "url": "https://dev.azure.com/rs-ado-training/_apis/wit/workItems/527"
    },
    {
      "id": 528,
      "rev": 2,
      "fields": {
        "System.AreaPath": "Azure DevOps Training WCB-Alberta",
        "System.TeamProject": "Azure DevOps Training WCB-Alberta",
        "System.IterationPath": "$ProjectName$\\Iteration 1",
        "System.WorkItemType": "Task",
        "System.State": "New",
        "System.Reason": "New",
        "System.CreatedDate": "2024-10-17T18:48:45.497Z",
        "System.CreatedBy": "Jonathan Sanderson <jonathan@training.rocketsolid.ca>",
        "System.ChangedDate": "2024-10-17T18:48:48.807Z",
        "System.ChangedBy": "Jonathan Sanderson <jonathan@training.rocketsolid.ca>",
        "System.Title": "Create a new story \"User can create a requirements based Test Suite\"",
        "Microsoft.VSTS.Scheduling.Effort": 0.0,
        "System.Description": null,
        "System.AssignedTo": null,
        "Microsoft.VSTS.Scheduling.RemainingWork": 0.0,
        "Microsoft.VSTS.Common.Priority": 2.0,
        "System.BoardLane": null,
        "System.Tags": null,
        "Microsoft.VSTS.TCM.Steps": null,
        "Microsoft.VSTS.TCM.Parameters": null,
        "Microsoft.VSTS.TCM.LocalDataSource": null,
        "Microsoft.VSTS.TCM.AutomationStatus": null,
        "System.History": null
      },
      "relations": [
        {
          "rel": "System.LinkTypes.Hierarchy-Reverse",
          "url": "https://dev.azure.com/rs-ado-training/_apis/wit/workItems/517",
          "attributes": {
            "isLocked": "false",
            "name": "Parent"
          }
        }
      ],
      "url": "https://dev.azure.com/rs-ado-training/_apis/wit/workItems/528"
    },
    {
      "id": 529,
      "rev": 1,
      "fields": {
        "System.AreaPath": "Azure DevOps Training WCB-Alberta",
        "System.TeamProject": "Azure DevOps Training WCB-Alberta",
        "System.IterationPath": "$ProjectName$\\Iteration 1",
        "System.WorkItemType": "Task",
        "System.State": "New",
        "System.Reason": "New",
        "System.CreatedDate": "2024-10-17T18:49:16.967Z",
        "System.CreatedBy": "Jonathan Sanderson <jonathan@training.rocketsolid.ca>",
        "System.ChangedDate": "2024-10-17T18:49:16.967Z",
        "System.ChangedBy": "Jonathan Sanderson <jonathan@training.rocketsolid.ca>",
        "System.Title": "Create a Test Case \"My First Test Case\"",
        "Microsoft.VSTS.Scheduling.Effort": 0.0,
        "System.Description": null,
        "System.AssignedTo": null,
        "Microsoft.VSTS.Scheduling.RemainingWork": 0.0,
        "Microsoft.VSTS.Common.Priority": 2.0,
        "System.BoardLane": null,
        "System.Tags": null,
        "Microsoft.VSTS.TCM.Steps": null,
        "Microsoft.VSTS.TCM.Parameters": null,
        "Microsoft.VSTS.TCM.LocalDataSource": null,
        "Microsoft.VSTS.TCM.AutomationStatus": null,
        "System.History": null
      },
      "relations": [
        {
          "rel": "System.LinkTypes.Hierarchy-Reverse",
          "url": "https://dev.azure.com/rs-ado-training/_apis/wit/workItems/517",
          "attributes": {
            "isLocked": "false",
            "name": "Parent"
          }
        }
      ],
      "url": "https://dev.azure.com/rs-ado-training/_apis/wit/workItems/529"
    },
    {
      "id": 530,
      "rev": 2,
      "fields": {
        "System.AreaPath": "Azure DevOps Training WCB-Alberta",
        "System.TeamProject": "Azure DevOps Training WCB-Alberta",
        "System.IterationPath": "$ProjectName$\\Iteration 1",
        "System.WorkItemType": "Task",
        "System.State": "New",
        "System.Reason": "New",
        "System.CreatedDate": "2024-10-17T18:49:25.947Z",
        "System.CreatedBy": "Jonathan Sanderson <jonathan@training.rocketsolid.ca>",
        "System.ChangedDate": "2024-10-17T18:49:54.807Z",
        "System.ChangedBy": "Jonathan Sanderson <jonathan@training.rocketsolid.ca>",
        "System.Title": "Add Test Steps",
        "Microsoft.VSTS.Scheduling.Effort": 0.0,
        "System.Description": "<div>Step 1 &quot;OK&quot; </div><div>Step 2 &quot;OK&quot; </div><div>&quot;&quot; (leave an empty space for step 3) </div>",
        "System.AssignedTo": null,
        "Microsoft.VSTS.Scheduling.RemainingWork": 0.0,
        "Microsoft.VSTS.Common.Priority": 2.0,
        "System.BoardLane": null,
        "System.Tags": null,
        "Microsoft.VSTS.TCM.Steps": null,
        "Microsoft.VSTS.TCM.Parameters": null,
        "Microsoft.VSTS.TCM.LocalDataSource": null,
        "Microsoft.VSTS.TCM.AutomationStatus": null,
        "System.History": null
      },
      "relations": [
        {
          "rel": "System.LinkTypes.Hierarchy-Reverse",
          "url": "https://dev.azure.com/rs-ado-training/_apis/wit/workItems/517",
          "attributes": {
            "isLocked": "false",
            "name": "Parent"
          }
        }
      ],
      "url": "https://dev.azure.com/rs-ado-training/_apis/wit/workItems/530"
    },
    {
      "id": 531,
      "rev": 2,
      "fields": {
        "System.AreaPath": "Azure DevOps Training WCB-Alberta",
        "System.TeamProject": "Azure DevOps Training WCB-Alberta",
        "System.IterationPath": "$ProjectName$\\Iteration 1",
        "System.WorkItemType": "Task",
        "System.State": "New",
        "System.Reason": "New",
        "System.CreatedDate": "2024-10-17T18:50:39.513Z",
        "System.CreatedBy": "Jonathan Sanderson <jonathan@training.rocketsolid.ca>",
        "System.ChangedDate": "2024-10-17T18:50:47.86Z",
        "System.ChangedBy": "Jonathan Sanderson <jonathan@training.rocketsolid.ca>",
        "System.Title": "Select \"view requirement\" from the Test Suite submenu",
        "Microsoft.VSTS.Scheduling.Effort": 0.0,
        "System.Description": null,
        "System.AssignedTo": null,
        "Microsoft.VSTS.Scheduling.RemainingWork": 0.0,
        "Microsoft.VSTS.Common.Priority": 2.0,
        "System.BoardLane": null,
        "System.Tags": "traceability",
        "Microsoft.VSTS.TCM.Steps": null,
        "Microsoft.VSTS.TCM.Parameters": null,
        "Microsoft.VSTS.TCM.LocalDataSource": null,
        "Microsoft.VSTS.TCM.AutomationStatus": null,
        "System.History": null
      },
      "relations": [
        {
          "rel": "System.LinkTypes.Hierarchy-Reverse",
          "url": "https://dev.azure.com/rs-ado-training/_apis/wit/workItems/517",
          "attributes": {
            "isLocked": "false",
            "name": "Parent"
          }
        }
      ],
      "url": "https://dev.azure.com/rs-ado-training/_apis/wit/workItems/531"
    },
    {
      "id": 533,
      "rev": 1,
      "fields": {
        "System.AreaPath": "Azure DevOps Training WCB-Alberta",
        "System.TeamProject": "Azure DevOps Training WCB-Alberta",
        "System.IterationPath": "$ProjectName$\\Iteration 1",
        "System.WorkItemType": "Task",
        "System.State": "New",
        "System.Reason": "New",
        "System.CreatedDate": "2024-10-17T18:53:23.683Z",
        "System.CreatedBy": "Jonathan Sanderson <jonathan@training.rocketsolid.ca>",
        "System.ChangedDate": "2024-10-17T18:53:23.683Z",
        "System.ChangedBy": "Jonathan Sanderson <jonathan@training.rocketsolid.ca>",
        "System.Title": "Execute the tests from within Test Suite",
        "Microsoft.VSTS.Scheduling.Effort": 0.0,
        "System.Description": null,
        "System.AssignedTo": null,
        "Microsoft.VSTS.Scheduling.RemainingWork": 0.0,
        "Microsoft.VSTS.Common.Priority": 2.0,
        "System.BoardLane": null,
        "System.Tags": null,
        "Microsoft.VSTS.TCM.Steps": null,
        "Microsoft.VSTS.TCM.Parameters": null,
        "Microsoft.VSTS.TCM.LocalDataSource": null,
        "Microsoft.VSTS.TCM.AutomationStatus": null,
        "System.History": null
      },
      "relations": [
        {
          "rel": "System.LinkTypes.Hierarchy-Reverse",
          "url": "https://dev.azure.com/rs-ado-training/_apis/wit/workItems/517",
          "attributes": {
            "isLocked": "false",
            "name": "Parent"
          }
        }
      ],
      "url": "https://dev.azure.com/rs-ado-training/_apis/wit/workItems/533"
    },
    {
      "id": 534,
      "rev": 1,
      "fields": {
        "System.AreaPath": "Azure DevOps Training WCB-Alberta",
        "System.TeamProject": "Azure DevOps Training WCB-Alberta",
        "System.IterationPath": "$ProjectName$\\Iteration 1",
        "System.WorkItemType": "Task",
        "System.State": "New",
        "System.Reason": "New",
        "System.CreatedDate": "2024-10-17T18:53:49.927Z",
        "System.CreatedBy": "Jonathan Sanderson <jonathan@training.rocketsolid.ca>",
        "System.ChangedDate": "2024-10-17T18:53:49.927Z",
        "System.ChangedBy": "Jonathan Sanderson <jonathan@training.rocketsolid.ca>",
        "System.Title": "Edit the test case to remove the blank line from within the Test Runner",
        "Microsoft.VSTS.Scheduling.Effort": 0.0,
        "System.Description": null,
        "System.AssignedTo": null,
        "Microsoft.VSTS.Scheduling.RemainingWork": 0.0,
        "Microsoft.VSTS.Common.Priority": 2.0,
        "System.BoardLane": null,
        "System.Tags": null,
        "Microsoft.VSTS.TCM.Steps": null,
        "Microsoft.VSTS.TCM.Parameters": null,
        "Microsoft.VSTS.TCM.LocalDataSource": null,
        "Microsoft.VSTS.TCM.AutomationStatus": null,
        "System.History": null
      },
      "relations": [
        {
          "rel": "System.LinkTypes.Hierarchy-Reverse",
          "url": "https://dev.azure.com/rs-ado-training/_apis/wit/workItems/517",
          "attributes": {
            "isLocked": "false",
            "name": "Parent"
          }
        }
      ],
      "url": "https://dev.azure.com/rs-ado-training/_apis/wit/workItems/534"
    },
    {
      "id": 535,
      "rev": 1,
      "fields": {
        "System.AreaPath": "Azure DevOps Training WCB-Alberta",
        "System.TeamProject": "Azure DevOps Training WCB-Alberta",
        "System.IterationPath": "$ProjectName$\\Iteration 1",
        "System.WorkItemType": "Task",
        "System.State": "New",
        "System.Reason": "New",
        "System.CreatedDate": "2024-10-17T18:54:08.067Z",
        "System.CreatedBy": "Jonathan Sanderson <jonathan@training.rocketsolid.ca>",
        "System.ChangedDate": "2024-10-17T18:54:08.067Z",
        "System.ChangedBy": "Jonathan Sanderson <jonathan@training.rocketsolid.ca>",
        "System.Title": "Pass the Test Case and Save and Close",
        "Microsoft.VSTS.Scheduling.Effort": 0.0,
        "System.Description": null,
        "System.AssignedTo": null,
        "Microsoft.VSTS.Scheduling.RemainingWork": 0.0,
        "Microsoft.VSTS.Common.Priority": 2.0,
        "System.BoardLane": null,
        "System.Tags": null,
        "Microsoft.VSTS.TCM.Steps": null,
        "Microsoft.VSTS.TCM.Parameters": null,
        "Microsoft.VSTS.TCM.LocalDataSource": null,
        "Microsoft.VSTS.TCM.AutomationStatus": null,
        "System.History": null
      },
      "relations": [
        {
          "rel": "System.LinkTypes.Hierarchy-Reverse",
          "url": "https://dev.azure.com/rs-ado-training/_apis/wit/workItems/517",
          "attributes": {
            "isLocked": "false",
            "name": "Parent"
          }
        }
      ],
      "url": "https://dev.azure.com/rs-ado-training/_apis/wit/workItems/535"
    },
    {
      "id": 536,
      "rev": 1,
      "fields": {
        "System.AreaPath": "Azure DevOps Training WCB-Alberta",
        "System.TeamProject": "Azure DevOps Training WCB-Alberta",
        "System.IterationPath": "$ProjectName$\\Iteration 1",
        "System.WorkItemType": "Task",
        "System.State": "New",
        "System.Reason": "New",
        "System.CreatedDate": "2024-10-17T19:04:45.26Z",
        "System.CreatedBy": "Jonathan Sanderson <jonathan@training.rocketsolid.ca>",
        "System.ChangedDate": "2024-10-17T19:04:45.26Z",
        "System.ChangedBy": "Jonathan Sanderson <jonathan@training.rocketsolid.ca>",
        "System.Title": "Create a Test Result chart and group by Outcome",
        "Microsoft.VSTS.Scheduling.Effort": 0.0,
        "System.Description": null,
        "System.AssignedTo": null,
        "Microsoft.VSTS.Scheduling.RemainingWork": 0.0,
        "Microsoft.VSTS.Common.Priority": 2.0,
        "System.BoardLane": null,
        "System.Tags": null,
        "Microsoft.VSTS.TCM.Steps": null,
        "Microsoft.VSTS.TCM.Parameters": null,
        "Microsoft.VSTS.TCM.LocalDataSource": null,
        "Microsoft.VSTS.TCM.AutomationStatus": null,
        "System.History": null
      },
      "relations": [
        {
          "rel": "System.LinkTypes.Hierarchy-Reverse",
          "url": "https://dev.azure.com/rs-ado-training/_apis/wit/workItems/517",
          "attributes": {
            "isLocked": "false",
            "name": "Parent"
          }
        }
      ],
      "url": "https://dev.azure.com/rs-ado-training/_apis/wit/workItems/536"
    },
    {
      "id": 537,
      "rev": 1,
      "fields": {
        "System.AreaPath": "Azure DevOps Training WCB-Alberta",
        "System.TeamProject": "Azure DevOps Training WCB-Alberta",
        "System.IterationPath": "$ProjectName$\\Iteration 1",
        "System.WorkItemType": "Task",
        "System.State": "New",
        "System.Reason": "New",
        "System.CreatedDate": "2024-10-17T19:05:08.99Z",
        "System.CreatedBy": "Jonathan Sanderson <jonathan@training.rocketsolid.ca>",
        "System.ChangedDate": "2024-10-17T19:05:08.99Z",
        "System.ChangedBy": "Jonathan Sanderson <jonathan@training.rocketsolid.ca>",
        "System.Title": "Add the chart to the dashboard",
        "Microsoft.VSTS.Scheduling.Effort": 0.0,
        "System.Description": null,
        "System.AssignedTo": null,
        "Microsoft.VSTS.Scheduling.RemainingWork": 0.0,
        "Microsoft.VSTS.Common.Priority": 2.0,
        "System.BoardLane": null,
        "System.Tags": null,
        "Microsoft.VSTS.TCM.Steps": null,
        "Microsoft.VSTS.TCM.Parameters": null,
        "Microsoft.VSTS.TCM.LocalDataSource": null,
        "Microsoft.VSTS.TCM.AutomationStatus": null,
        "System.History": null
      },
      "relations": [
        {
          "rel": "System.LinkTypes.Hierarchy-Reverse",
          "url": "https://dev.azure.com/rs-ado-training/_apis/wit/workItems/517",
          "attributes": {
            "isLocked": "false",
            "name": "Parent"
          }
        }
      ],
      "url": "https://dev.azure.com/rs-ado-training/_apis/wit/workItems/537"
    },
    {
      "id": 539,
      "rev": 1,
      "fields": {
        "System.AreaPath": "Azure DevOps Training WCB-Alberta",
        "System.TeamProject": "Azure DevOps Training WCB-Alberta",
        "System.IterationPath": "$ProjectName$\\Iteration 1",
        "System.WorkItemType": "Task",
        "System.State": "New",
        "System.Reason": "New",
        "System.CreatedDate": "2024-10-17T19:06:48.9Z",
        "System.CreatedBy": "Jonathan Sanderson <jonathan@training.rocketsolid.ca>",
        "System.ChangedDate": "2024-10-17T19:06:48.9Z",
        "System.ChangedBy": "Jonathan Sanderson <jonathan@training.rocketsolid.ca>",
        "System.Title": "Create multiple generic user stories",
        "Microsoft.VSTS.Scheduling.Effort": 0.0,
        "System.Description": null,
        "System.AssignedTo": null,
        "Microsoft.VSTS.Scheduling.RemainingWork": 0.0,
        "Microsoft.VSTS.Common.Priority": 2.0,
        "System.BoardLane": null,
        "System.Tags": null,
        "Microsoft.VSTS.TCM.Steps": null,
        "Microsoft.VSTS.TCM.Parameters": null,
        "Microsoft.VSTS.TCM.LocalDataSource": null,
        "Microsoft.VSTS.TCM.AutomationStatus": null,
        "System.History": null
      },
      "relations": [
        {
          "rel": "System.LinkTypes.Hierarchy-Reverse",
          "url": "https://dev.azure.com/rs-ado-training/_apis/wit/workItems/538",
          "attributes": {
            "isLocked": "false",
            "name": "Parent"
          }
        }
      ],
      "url": "https://dev.azure.com/rs-ado-training/_apis/wit/workItems/539"
    },
    {
      "id": 540,
      "rev": 1,
      "fields": {
        "System.AreaPath": "Azure DevOps Training WCB-Alberta",
        "System.TeamProject": "Azure DevOps Training WCB-Alberta",
        "System.IterationPath": "$ProjectName$\\Iteration 1",
        "System.WorkItemType": "Task",
        "System.State": "New",
        "System.Reason": "New",
        "System.CreatedDate": "2024-10-17T19:07:06.647Z",
        "System.CreatedBy": "Jonathan Sanderson <jonathan@training.rocketsolid.ca>",
        "System.ChangedDate": "2024-10-17T19:07:06.647Z",
        "System.ChangedBy": "Jonathan Sanderson <jonathan@training.rocketsolid.ca>",
        "System.Title": "Create a feature \"Working with the Backlog\"",
        "Microsoft.VSTS.Scheduling.Effort": 0.0,
        "System.Description": null,
        "System.AssignedTo": null,
        "Microsoft.VSTS.Scheduling.RemainingWork": 0.0,
        "Microsoft.VSTS.Common.Priority": 2.0,
        "System.BoardLane": null,
        "System.Tags": null,
        "Microsoft.VSTS.TCM.Steps": null,
        "Microsoft.VSTS.TCM.Parameters": null,
        "Microsoft.VSTS.TCM.LocalDataSource": null,
        "Microsoft.VSTS.TCM.AutomationStatus": null,
        "System.History": null
      },
      "relations": [
        {
          "rel": "System.LinkTypes.Hierarchy-Reverse",
          "url": "https://dev.azure.com/rs-ado-training/_apis/wit/workItems/538",
          "attributes": {
            "isLocked": "false",
            "name": "Parent"
          }
        }
      ],
      "url": "https://dev.azure.com/rs-ado-training/_apis/wit/workItems/540"
    },
    {
      "id": 541,
      "rev": 1,
      "fields": {
        "System.AreaPath": "Azure DevOps Training WCB-Alberta",
        "System.TeamProject": "Azure DevOps Training WCB-Alberta",
        "System.IterationPath": "$ProjectName$\\Iteration 1",
        "System.WorkItemType": "Task",
        "System.State": "New",
        "System.Reason": "New",
        "System.CreatedDate": "2024-10-17T19:07:28.333Z",
        "System.CreatedBy": "Jonathan Sanderson <jonathan@training.rocketsolid.ca>",
        "System.ChangedDate": "2024-10-17T19:07:28.333Z",
        "System.ChangedBy": "Jonathan Sanderson <jonathan@training.rocketsolid.ca>",
        "System.Title": "Toggle Backlog view between stories and features",
        "Microsoft.VSTS.Scheduling.Effort": 0.0,
        "System.Description": null,
        "System.AssignedTo": null,
        "Microsoft.VSTS.Scheduling.RemainingWork": 0.0,
        "Microsoft.VSTS.Common.Priority": 2.0,
        "System.BoardLane": null,
        "System.Tags": null,
        "Microsoft.VSTS.TCM.Steps": null,
        "Microsoft.VSTS.TCM.Parameters": null,
        "Microsoft.VSTS.TCM.LocalDataSource": null,
        "Microsoft.VSTS.TCM.AutomationStatus": null,
        "System.History": null
      },
      "relations": [
        {
          "rel": "System.LinkTypes.Hierarchy-Reverse",
          "url": "https://dev.azure.com/rs-ado-training/_apis/wit/workItems/538",
          "attributes": {
            "isLocked": "false",
            "name": "Parent"
          }
        }
      ],
      "url": "https://dev.azure.com/rs-ado-training/_apis/wit/workItems/541"
    },
    {
      "id": 542,
      "rev": 1,
      "fields": {
        "System.AreaPath": "Azure DevOps Training WCB-Alberta",
        "System.TeamProject": "Azure DevOps Training WCB-Alberta",
        "System.IterationPath": "$ProjectName$\\Iteration 1",
        "System.WorkItemType": "Task",
        "System.State": "New",
        "System.Reason": "New",
        "System.CreatedDate": "2024-10-17T19:08:02.367Z",
        "System.CreatedBy": "Jonathan Sanderson <jonathan@training.rocketsolid.ca>",
        "System.ChangedDate": "2024-10-17T19:08:02.367Z",
        "System.ChangedBy": "Jonathan Sanderson <jonathan@training.rocketsolid.ca>",
        "System.Title": "Use Mapping to nest our stoires under the parent feature",
        "Microsoft.VSTS.Scheduling.Effort": 0.0,
        "System.Description": null,
        "System.AssignedTo": null,
        "Microsoft.VSTS.Scheduling.RemainingWork": 0.0,
        "Microsoft.VSTS.Common.Priority": 2.0,
        "System.BoardLane": null,
        "System.Tags": null,
        "Microsoft.VSTS.TCM.Steps": null,
        "Microsoft.VSTS.TCM.Parameters": null,
        "Microsoft.VSTS.TCM.LocalDataSource": null,
        "Microsoft.VSTS.TCM.AutomationStatus": null,
        "System.History": null
      },
      "relations": [
        {
          "rel": "System.LinkTypes.Hierarchy-Reverse",
          "url": "https://dev.azure.com/rs-ado-training/_apis/wit/workItems/538",
          "attributes": {
            "isLocked": "false",
            "name": "Parent"
          }
        }
      ],
      "url": "https://dev.azure.com/rs-ado-training/_apis/wit/workItems/542"
    },
    {
      "id": 543,
      "rev": 1,
      "fields": {
        "System.AreaPath": "Azure DevOps Training WCB-Alberta",
        "System.TeamProject": "Azure DevOps Training WCB-Alberta",
        "System.IterationPath": "$ProjectName$\\Iteration 1",
        "System.WorkItemType": "Task",
        "System.State": "New",
        "System.Reason": "New",
        "System.CreatedDate": "2024-10-17T19:09:05.557Z",
        "System.CreatedBy": "Jonathan Sanderson <jonathan@training.rocketsolid.ca>",
        "System.ChangedDate": "2024-10-17T19:09:05.557Z",
        "System.ChangedBy": "Jonathan Sanderson <jonathan@training.rocketsolid.ca>",
        "System.Title": "Trace through the structure by clicking the links",
        "Microsoft.VSTS.Scheduling.Effort": 0.0,
        "System.Description": null,
        "System.AssignedTo": null,
        "Microsoft.VSTS.Scheduling.RemainingWork": 0.0,
        "Microsoft.VSTS.Common.Priority": 2.0,
        "System.BoardLane": null,
        "System.Tags": null,
        "Microsoft.VSTS.TCM.Steps": null,
        "Microsoft.VSTS.TCM.Parameters": null,
        "Microsoft.VSTS.TCM.LocalDataSource": null,
        "Microsoft.VSTS.TCM.AutomationStatus": null,
        "System.History": null
      },
      "relations": [
        {
          "rel": "System.LinkTypes.Hierarchy-Reverse",
          "url": "https://dev.azure.com/rs-ado-training/_apis/wit/workItems/538",
          "attributes": {
            "isLocked": "false",
            "name": "Parent"
          }
        }
      ],
      "url": "https://dev.azure.com/rs-ado-training/_apis/wit/workItems/543"
    },
    {
      "id": 545,
      "rev": 2,
      "fields": {
        "System.AreaPath": "Azure DevOps Training WCB-Alberta",
        "System.TeamProject": "Azure DevOps Training WCB-Alberta",
        "System.IterationPath": "$ProjectName$\\Iteration 1",
        "System.WorkItemType": "Task",
        "System.State": "New",
        "System.Reason": "New",
        "System.CreatedDate": "2024-10-17T19:11:47.317Z",
        "System.CreatedBy": "Jonathan Sanderson <jonathan@training.rocketsolid.ca>",
        "System.ChangedDate": "2024-10-17T19:12:07.223Z",
        "System.ChangedBy": "Jonathan Sanderson <jonathan@training.rocketsolid.ca>",
        "System.Title": "Complete the Knowledge Check",
        "Microsoft.VSTS.Scheduling.Effort": 0.0,
        "System.Description": "<div>Instructions in the presentation </div>",
        "System.AssignedTo": null,
        "Microsoft.VSTS.Scheduling.RemainingWork": 0.0,
        "Microsoft.VSTS.Common.Priority": 2.0,
        "System.BoardLane": null,
        "System.Tags": "knowledge-check",
        "Microsoft.VSTS.TCM.Steps": null,
        "Microsoft.VSTS.TCM.Parameters": null,
        "Microsoft.VSTS.TCM.LocalDataSource": null,
        "Microsoft.VSTS.TCM.AutomationStatus": null,
        "System.History": null
      },
      "relations": [
        {
          "rel": "System.LinkTypes.Related",
          "url": "https://dev.azure.com/rs-ado-training/_apis/wit/workItems/558",
          "attributes": {
            "isLocked": "false",
            "name": "Related"
          }
        },
        {
          "rel": "System.LinkTypes.Hierarchy-Reverse",
          "url": "https://dev.azure.com/rs-ado-training/_apis/wit/workItems/517",
          "attributes": {
            "isLocked": "false",
            "name": "Parent"
          }
        },
        {
          "rel": "System.LinkTypes.Related",
          "url": "https://dev.azure.com/rs-ado-training/_apis/wit/workItems/567",
          "attributes": {
            "isLocked": "false",
            "name": "Related"
          }
        }
      ],
      "url": "https://dev.azure.com/rs-ado-training/_apis/wit/workItems/545"
    },
    {
      "id": 547,
      "rev": 1,
      "fields": {
        "System.AreaPath": "Azure DevOps Training WCB-Alberta",
        "System.TeamProject": "Azure DevOps Training WCB-Alberta",
        "System.IterationPath": "$ProjectName$\\Iteration 1",
        "System.WorkItemType": "Task",
        "System.State": "New",
        "System.Reason": "New",
        "System.CreatedDate": "2024-10-17T19:13:27.823Z",
        "System.CreatedBy": "Jonathan Sanderson <jonathan@training.rocketsolid.ca>",
        "System.ChangedDate": "2024-10-17T19:13:27.823Z",
        "System.ChangedBy": "Jonathan Sanderson <jonathan@training.rocketsolid.ca>",
        "System.Title": "Create a new story \"My Original Work Item\"",
        "Microsoft.VSTS.Scheduling.Effort": 0.0,
        "System.Description": null,
        "System.AssignedTo": null,
        "Microsoft.VSTS.Scheduling.RemainingWork": 0.0,
        "Microsoft.VSTS.Common.Priority": 2.0,
        "System.BoardLane": null,
        "System.Tags": null,
        "Microsoft.VSTS.TCM.Steps": null,
        "Microsoft.VSTS.TCM.Parameters": null,
        "Microsoft.VSTS.TCM.LocalDataSource": null,
        "Microsoft.VSTS.TCM.AutomationStatus": null,
        "System.History": null
      },
      "relations": [
        {
          "rel": "System.LinkTypes.Hierarchy-Reverse",
          "url": "https://dev.azure.com/rs-ado-training/_apis/wit/workItems/546",
          "attributes": {
            "isLocked": "false",
            "name": "Parent"
          }
        }
      ],
      "url": "https://dev.azure.com/rs-ado-training/_apis/wit/workItems/547"
    },
    {
      "id": 548,
      "rev": 1,
      "fields": {
        "System.AreaPath": "Azure DevOps Training WCB-Alberta",
        "System.TeamProject": "Azure DevOps Training WCB-Alberta",
        "System.IterationPath": "$ProjectName$\\Iteration 1",
        "System.WorkItemType": "Task",
        "System.State": "New",
        "System.Reason": "New",
        "System.CreatedDate": "2024-10-17T19:14:04.63Z",
        "System.CreatedBy": "Jonathan Sanderson <jonathan@training.rocketsolid.ca>",
        "System.ChangedDate": "2024-10-17T19:14:04.63Z",
        "System.ChangedBy": "Jonathan Sanderson <jonathan@training.rocketsolid.ca>",
        "System.Title": "Create a copy of this item and update the name to \"My Original Work Item (copy)\"",
        "Microsoft.VSTS.Scheduling.Effort": 0.0,
        "System.Description": null,
        "System.AssignedTo": null,
        "Microsoft.VSTS.Scheduling.RemainingWork": 0.0,
        "Microsoft.VSTS.Common.Priority": 2.0,
        "System.BoardLane": null,
        "System.Tags": null,
        "Microsoft.VSTS.TCM.Steps": null,
        "Microsoft.VSTS.TCM.Parameters": null,
        "Microsoft.VSTS.TCM.LocalDataSource": null,
        "Microsoft.VSTS.TCM.AutomationStatus": null,
        "System.History": null
      },
      "relations": [
        {
          "rel": "System.LinkTypes.Hierarchy-Reverse",
          "url": "https://dev.azure.com/rs-ado-training/_apis/wit/workItems/546",
          "attributes": {
            "isLocked": "false",
            "name": "Parent"
          }
        }
      ],
      "url": "https://dev.azure.com/rs-ado-training/_apis/wit/workItems/548"
    },
    {
      "id": 552,
      "rev": 2,
      "fields": {
        "System.AreaPath": "Azure DevOps Training WCB-Alberta",
        "System.TeamProject": "Azure DevOps Training WCB-Alberta",
        "System.IterationPath": "$ProjectName$\\Iteration 1",
        "System.WorkItemType": "Task",
        "System.State": "New",
        "System.Reason": "New",
        "System.CreatedDate": "2024-10-17T19:22:41.8Z",
        "System.CreatedBy": "Jonathan Sanderson <jonathan@training.rocketsolid.ca>",
        "System.ChangedDate": "2024-10-17T19:23:42.2Z",
        "System.ChangedBy": "Jonathan Sanderson <jonathan@training.rocketsolid.ca>",
        "System.Title": "Create a new story and complete it with details from issue #551",
        "Microsoft.VSTS.Scheduling.Effort": 0.0,
        "System.Description": null,
        "System.AssignedTo": null,
        "Microsoft.VSTS.Scheduling.RemainingWork": 0.0,
        "Microsoft.VSTS.Common.Priority": 2.0,
        "System.BoardLane": null,
        "System.Tags": null,
        "Microsoft.VSTS.TCM.Steps": null,
        "Microsoft.VSTS.TCM.Parameters": null,
        "Microsoft.VSTS.TCM.LocalDataSource": null,
        "Microsoft.VSTS.TCM.AutomationStatus": null,
        "System.History": null
      },
      "relations": [
        {
          "rel": "System.LinkTypes.Related",
          "url": "https://dev.azure.com/rs-ado-training/_apis/wit/workItems/551",
          "attributes": {
            "isLocked": "false",
            "name": "Related"
          }
        },
        {
          "rel": "System.LinkTypes.Hierarchy-Reverse",
          "url": "https://dev.azure.com/rs-ado-training/_apis/wit/workItems/546",
          "attributes": {
            "isLocked": "false",
            "name": "Parent"
          }
        }
      ],
      "url": "https://dev.azure.com/rs-ado-training/_apis/wit/workItems/552"
    },
    {
      "id": 553,
      "rev": 2,
      "fields": {
        "System.AreaPath": "Azure DevOps Training WCB-Alberta",
        "System.TeamProject": "Azure DevOps Training WCB-Alberta",
        "System.IterationPath": "$ProjectName$\\Iteration 1",
        "System.WorkItemType": "Task",
        "System.State": "New",
        "System.Reason": "New",
        "System.CreatedDate": "2024-10-17T19:24:32.257Z",
        "System.CreatedBy": "Jonathan Sanderson <jonathan@training.rocketsolid.ca>",
        "System.ChangedDate": "2024-10-17T19:24:37.79Z",
        "System.ChangedBy": "Jonathan Sanderson <jonathan@training.rocketsolid.ca>",
        "System.Title": "Save new story as a template \"Our User Story Template\"",
        "Microsoft.VSTS.Scheduling.Effort": 0.0,
        "System.Description": null,
        "System.AssignedTo": null,
        "Microsoft.VSTS.Scheduling.RemainingWork": 0.0,
        "Microsoft.VSTS.Common.Priority": 2.0,
        "System.BoardLane": null,
        "System.Tags": null,
        "Microsoft.VSTS.TCM.Steps": null,
        "Microsoft.VSTS.TCM.Parameters": null,
        "Microsoft.VSTS.TCM.LocalDataSource": null,
        "Microsoft.VSTS.TCM.AutomationStatus": null,
        "System.History": null
      },
      "relations": [
        {
          "rel": "System.LinkTypes.Hierarchy-Reverse",
          "url": "https://dev.azure.com/rs-ado-training/_apis/wit/workItems/546",
          "attributes": {
            "isLocked": "false",
            "name": "Parent"
          }
        }
      ],
      "url": "https://dev.azure.com/rs-ado-training/_apis/wit/workItems/553"
    },
    {
      "id": 554,
      "rev": 1,
      "fields": {
        "System.AreaPath": "Azure DevOps Training WCB-Alberta",
        "System.TeamProject": "Azure DevOps Training WCB-Alberta",
        "System.IterationPath": "$ProjectName$\\Iteration 1",
        "System.WorkItemType": "Task",
        "System.State": "New",
        "System.Reason": "New",
        "System.CreatedDate": "2024-10-17T19:25:08.513Z",
        "System.CreatedBy": "Jonathan Sanderson <jonathan@training.rocketsolid.ca>",
        "System.ChangedDate": "2024-10-17T19:25:08.513Z",
        "System.ChangedBy": "Jonathan Sanderson <jonathan@training.rocketsolid.ca>",
        "System.Title": "Create a new user story and apply the template",
        "Microsoft.VSTS.Scheduling.Effort": 0.0,
        "System.Description": null,
        "System.AssignedTo": null,
        "Microsoft.VSTS.Scheduling.RemainingWork": 0.0,
        "Microsoft.VSTS.Common.Priority": 2.0,
        "System.BoardLane": null,
        "System.Tags": null,
        "Microsoft.VSTS.TCM.Steps": null,
        "Microsoft.VSTS.TCM.Parameters": null,
        "Microsoft.VSTS.TCM.LocalDataSource": null,
        "Microsoft.VSTS.TCM.AutomationStatus": null,
        "System.History": null
      },
      "relations": [
        {
          "rel": "System.LinkTypes.Hierarchy-Reverse",
          "url": "https://dev.azure.com/rs-ado-training/_apis/wit/workItems/546",
          "attributes": {
            "isLocked": "false",
            "name": "Parent"
          }
        }
      ],
      "url": "https://dev.azure.com/rs-ado-training/_apis/wit/workItems/554"
    },
    {
      "id": 555,
      "rev": 4,
      "fields": {
        "System.AreaPath": "Azure DevOps Training WCB-Alberta",
        "System.TeamProject": "Azure DevOps Training WCB-Alberta",
        "System.IterationPath": "$ProjectName$\\Iteration 1",
        "System.WorkItemType": "Task",
        "System.State": "New",
        "System.Reason": "New",
        "System.CreatedDate": "2024-10-17T19:25:37.157Z",
        "System.CreatedBy": "Jonathan Sanderson <jonathan@training.rocketsolid.ca>",
        "System.ChangedDate": "2024-10-17T19:27:22.773Z",
        "System.ChangedBy": "Jonathan Sanderson <jonathan@training.rocketsolid.ca>",
        "System.Title": "Open the user story and add three tasks then save as a template and true to this this template",
        "Microsoft.VSTS.Scheduling.Effort": 0.0,
        "System.Description": "<div>In the tasks edit the description </div>",
        "System.AssignedTo": null,
        "Microsoft.VSTS.Scheduling.RemainingWork": 0.0,
        "Microsoft.VSTS.Common.Priority": 2.0,
        "System.BoardLane": null,
        "System.Tags": null,
        "Microsoft.VSTS.TCM.Steps": null,
        "Microsoft.VSTS.TCM.Parameters": null,
        "Microsoft.VSTS.TCM.LocalDataSource": null,
        "Microsoft.VSTS.TCM.AutomationStatus": null,
        "System.History": null
      },
      "relations": [
        {
          "rel": "System.LinkTypes.Hierarchy-Reverse",
          "url": "https://dev.azure.com/rs-ado-training/_apis/wit/workItems/546",
          "attributes": {
            "isLocked": "false",
            "name": "Parent"
          }
        }
      ],
      "url": "https://dev.azure.com/rs-ado-training/_apis/wit/workItems/555"
    },
    {
      "id": 556,
      "rev": 1,
      "fields": {
        "System.AreaPath": "Azure DevOps Training WCB-Alberta",
        "System.TeamProject": "Azure DevOps Training WCB-Alberta",
        "System.IterationPath": "$ProjectName$\\Iteration 1",
        "System.WorkItemType": "Task",
        "System.State": "New",
        "System.Reason": "New",
        "System.CreatedDate": "2024-10-17T19:26:56.563Z",
        "System.CreatedBy": "Jonathan Sanderson <jonathan@training.rocketsolid.ca>",
        "System.ChangedDate": "2024-10-17T19:26:56.563Z",
        "System.ChangedBy": "Jonathan Sanderson <jonathan@training.rocketsolid.ca>",
        "System.Title": "Edit the name of the story with the tasks to be \"Our Sure Story Template (DO NOT EDIT)\"",
        "Microsoft.VSTS.Scheduling.Effort": 0.0,
        "System.Description": null,
        "System.AssignedTo": null,
        "Microsoft.VSTS.Scheduling.RemainingWork": 0.0,
        "Microsoft.VSTS.Common.Priority": 2.0,
        "System.BoardLane": null,
        "System.Tags": null,
        "Microsoft.VSTS.TCM.Steps": null,
        "Microsoft.VSTS.TCM.Parameters": null,
        "Microsoft.VSTS.TCM.LocalDataSource": null,
        "Microsoft.VSTS.TCM.AutomationStatus": null,
        "System.History": null
      },
      "relations": [
        {
          "rel": "System.LinkTypes.Hierarchy-Reverse",
          "url": "https://dev.azure.com/rs-ado-training/_apis/wit/workItems/546",
          "attributes": {
            "isLocked": "false",
            "name": "Parent"
          }
        }
      ],
      "url": "https://dev.azure.com/rs-ado-training/_apis/wit/workItems/556"
    },
    {
      "id": 557,
      "rev": 2,
      "fields": {
        "System.AreaPath": "Azure DevOps Training WCB-Alberta",
        "System.TeamProject": "Azure DevOps Training WCB-Alberta",
        "System.IterationPath": "$ProjectName$\\Iteration 1",
        "System.WorkItemType": "Task",
        "System.State": "New",
        "System.Reason": "New",
        "System.CreatedDate": "2024-10-17T19:27:13.72Z",
        "System.CreatedBy": "Jonathan Sanderson <jonathan@training.rocketsolid.ca>",
        "System.ChangedDate": "2024-10-17T19:28:09.137Z",
        "System.ChangedBy": "Jonathan Sanderson <jonathan@training.rocketsolid.ca>",
        "System.Title": "Use the make a copy command to print multiple copies",
        "Microsoft.VSTS.Scheduling.Effort": 0.0,
        "System.Description": null,
        "System.AssignedTo": null,
        "Microsoft.VSTS.Scheduling.RemainingWork": 0.0,
        "Microsoft.VSTS.Common.Priority": 2.0,
        "System.BoardLane": null,
        "System.Tags": null,
        "Microsoft.VSTS.TCM.Steps": null,
        "Microsoft.VSTS.TCM.Parameters": null,
        "Microsoft.VSTS.TCM.LocalDataSource": null,
        "Microsoft.VSTS.TCM.AutomationStatus": null,
        "System.History": null
      },
      "relations": [
        {
          "rel": "System.LinkTypes.Hierarchy-Reverse",
          "url": "https://dev.azure.com/rs-ado-training/_apis/wit/workItems/546",
          "attributes": {
            "isLocked": "false",
            "name": "Parent"
          }
        }
      ],
      "url": "https://dev.azure.com/rs-ado-training/_apis/wit/workItems/557"
    },
    {
      "id": 558,
      "rev": 1,
      "fields": {
        "System.AreaPath": "Azure DevOps Training WCB-Alberta",
        "System.TeamProject": "Azure DevOps Training WCB-Alberta",
        "System.IterationPath": "$ProjectName$\\Iteration 1",
        "System.WorkItemType": "Task",
        "System.State": "New",
        "System.Reason": "New",
        "System.CreatedDate": "2024-10-17T19:29:09.073Z",
        "System.CreatedBy": "Jonathan Sanderson <jonathan@training.rocketsolid.ca>",
        "System.ChangedDate": "2024-10-17T19:29:09.073Z",
        "System.ChangedBy": "Jonathan Sanderson <jonathan@training.rocketsolid.ca>",
        "System.Title": "Complete the Knowledge Check",
        "Microsoft.VSTS.Scheduling.Effort": 0.0,
        "System.Description": "<div>Instructions in the presentation </div>",
        "System.AssignedTo": null,
        "Microsoft.VSTS.Scheduling.RemainingWork": 0.0,
        "Microsoft.VSTS.Common.Priority": 2.0,
        "System.BoardLane": null,
        "System.Tags": "knowledge-check",
        "Microsoft.VSTS.TCM.Steps": null,
        "Microsoft.VSTS.TCM.Parameters": null,
        "Microsoft.VSTS.TCM.LocalDataSource": null,
        "Microsoft.VSTS.TCM.AutomationStatus": null,
        "System.History": "Copied from #545"
      },
      "relations": [
        {
          "rel": "System.LinkTypes.Related",
          "url": "https://dev.azure.com/rs-ado-training/_apis/wit/workItems/545",
          "attributes": {
            "isLocked": "false",
            "name": "Related"
          }
        },
        {
          "rel": "System.LinkTypes.Related",
          "url": "https://dev.azure.com/rs-ado-training/_apis/wit/workItems/567",
          "attributes": {
            "isLocked": "false",
            "name": "Related"
          }
        },
        {
          "rel": "System.LinkTypes.Hierarchy-Reverse",
          "url": "https://dev.azure.com/rs-ado-training/_apis/wit/workItems/546",
          "attributes": {
            "isLocked": "false",
            "name": "Parent"
          }
        }
      ],
      "url": "https://dev.azure.com/rs-ado-training/_apis/wit/workItems/558"
    },
    {
      "id": 560,
      "rev": 3,
      "fields": {
        "System.AreaPath": "Azure DevOps Training WCB-Alberta",
        "System.TeamProject": "Azure DevOps Training WCB-Alberta",
        "System.IterationPath": "$ProjectName$\\Iteration 1",
        "System.WorkItemType": "Task",
        "System.State": "New",
        "System.Reason": "New",
        "System.CreatedDate": "2024-10-17T19:33:33.487Z",
        "System.CreatedBy": "Jonathan Sanderson <jonathan@training.rocketsolid.ca>",
        "System.ChangedDate": "2024-10-17T19:39:19.377Z",
        "System.ChangedBy": "Jonathan Sanderson <jonathan@training.rocketsolid.ca>",
        "System.Title": "Open the project \"Asteroid Game Company\"",
        "Microsoft.VSTS.Scheduling.Effort": 0.0,
        "System.Description": null,
        "System.AssignedTo": null,
        "Microsoft.VSTS.Scheduling.RemainingWork": 0.0,
        "Microsoft.VSTS.Common.Priority": 2.0,
        "System.BoardLane": null,
        "System.Tags": null,
        "Microsoft.VSTS.TCM.Steps": null,
        "Microsoft.VSTS.TCM.Parameters": null,
        "Microsoft.VSTS.TCM.LocalDataSource": null,
        "Microsoft.VSTS.TCM.AutomationStatus": null,
        "System.History": null
      },
      "relations": [
        {
          "rel": "System.LinkTypes.Hierarchy-Reverse",
          "url": "https://dev.azure.com/rs-ado-training/_apis/wit/workItems/559",
          "attributes": {
            "isLocked": "false",
            "name": "Parent"
          }
        }
      ],
      "url": "https://dev.azure.com/rs-ado-training/_apis/wit/workItems/560"
    },
    {
      "id": 561,
      "rev": 1,
      "fields": {
        "System.AreaPath": "Azure DevOps Training WCB-Alberta",
        "System.TeamProject": "Azure DevOps Training WCB-Alberta",
        "System.IterationPath": "$ProjectName$\\Iteration 1",
        "System.WorkItemType": "Task",
        "System.State": "New",
        "System.Reason": "New",
        "System.CreatedDate": "2024-10-17T19:39:33.733Z",
        "System.CreatedBy": "Jonathan Sanderson <jonathan@training.rocketsolid.ca>",
        "System.ChangedDate": "2024-10-17T19:39:33.733Z",
        "System.ChangedBy": "Jonathan Sanderson <jonathan@training.rocketsolid.ca>",
        "System.Title": "Create a Delivery Plan",
        "Microsoft.VSTS.Scheduling.Effort": 0.0,
        "System.Description": null,
        "System.AssignedTo": null,
        "Microsoft.VSTS.Scheduling.RemainingWork": 0.0,
        "Microsoft.VSTS.Common.Priority": 2.0,
        "System.BoardLane": null,
        "System.Tags": null,
        "Microsoft.VSTS.TCM.Steps": null,
        "Microsoft.VSTS.TCM.Parameters": null,
        "Microsoft.VSTS.TCM.LocalDataSource": null,
        "Microsoft.VSTS.TCM.AutomationStatus": null,
        "System.History": null
      },
      "relations": [
        {
          "rel": "System.LinkTypes.Hierarchy-Reverse",
          "url": "https://dev.azure.com/rs-ado-training/_apis/wit/workItems/559",
          "attributes": {
            "isLocked": "false",
            "name": "Parent"
          }
        }
      ],
      "url": "https://dev.azure.com/rs-ado-training/_apis/wit/workItems/561"
    },
    {
      "id": 562,
      "rev": 1,
      "fields": {
        "System.AreaPath": "Azure DevOps Training WCB-Alberta",
        "System.TeamProject": "Azure DevOps Training WCB-Alberta",
        "System.IterationPath": "$ProjectName$\\Iteration 1",
        "System.WorkItemType": "Task",
        "System.State": "New",
        "System.Reason": "New",
        "System.CreatedDate": "2024-10-17T19:39:56.12Z",
        "System.CreatedBy": "Jonathan Sanderson <jonathan@training.rocketsolid.ca>",
        "System.ChangedDate": "2024-10-17T19:39:56.12Z",
        "System.ChangedBy": "Jonathan Sanderson <jonathan@training.rocketsolid.ca>",
        "System.Title": "Update the view with Zoom",
        "Microsoft.VSTS.Scheduling.Effort": 0.0,
        "System.Description": null,
        "System.AssignedTo": null,
        "Microsoft.VSTS.Scheduling.RemainingWork": 0.0,
        "Microsoft.VSTS.Common.Priority": 2.0,
        "System.BoardLane": null,
        "System.Tags": null,
        "Microsoft.VSTS.TCM.Steps": null,
        "Microsoft.VSTS.TCM.Parameters": null,
        "Microsoft.VSTS.TCM.LocalDataSource": null,
        "Microsoft.VSTS.TCM.AutomationStatus": null,
        "System.History": null
      },
      "relations": [
        {
          "rel": "System.LinkTypes.Hierarchy-Reverse",
          "url": "https://dev.azure.com/rs-ado-training/_apis/wit/workItems/559",
          "attributes": {
            "isLocked": "false",
            "name": "Parent"
          }
        }
      ],
      "url": "https://dev.azure.com/rs-ado-training/_apis/wit/workItems/562"
    },
    {
      "id": 563,
      "rev": 1,
      "fields": {
        "System.AreaPath": "Azure DevOps Training WCB-Alberta",
        "System.TeamProject": "Azure DevOps Training WCB-Alberta",
        "System.IterationPath": "$ProjectName$\\Iteration 1",
        "System.WorkItemType": "Task",
        "System.State": "New",
        "System.Reason": "New",
        "System.CreatedDate": "2024-10-17T19:40:11.9Z",
        "System.CreatedBy": "Jonathan Sanderson <jonathan@training.rocketsolid.ca>",
        "System.ChangedDate": "2024-10-17T19:40:11.9Z",
        "System.ChangedBy": "Jonathan Sanderson <jonathan@training.rocketsolid.ca>",
        "System.Title": "View details about the dependency links",
        "Microsoft.VSTS.Scheduling.Effort": 0.0,
        "System.Description": null,
        "System.AssignedTo": null,
        "Microsoft.VSTS.Scheduling.RemainingWork": 0.0,
        "Microsoft.VSTS.Common.Priority": 2.0,
        "System.BoardLane": null,
        "System.Tags": null,
        "Microsoft.VSTS.TCM.Steps": null,
        "Microsoft.VSTS.TCM.Parameters": null,
        "Microsoft.VSTS.TCM.LocalDataSource": null,
        "Microsoft.VSTS.TCM.AutomationStatus": null,
        "System.History": null
      },
      "relations": [
        {
          "rel": "System.LinkTypes.Hierarchy-Reverse",
          "url": "https://dev.azure.com/rs-ado-training/_apis/wit/workItems/559",
          "attributes": {
            "isLocked": "false",
            "name": "Parent"
          }
        }
      ],
      "url": "https://dev.azure.com/rs-ado-training/_apis/wit/workItems/563"
    },
    {
      "id": 564,
      "rev": 2,
      "fields": {
        "System.AreaPath": "Azure DevOps Training WCB-Alberta",
        "System.TeamProject": "Azure DevOps Training WCB-Alberta",
        "System.IterationPath": "$ProjectName$\\Iteration 1",
        "System.WorkItemType": "Task",
        "System.State": "New",
        "System.Reason": "New",
        "System.CreatedDate": "2024-10-17T19:40:23.09Z",
        "System.CreatedBy": "Jonathan Sanderson <jonathan@training.rocketsolid.ca>",
        "System.ChangedDate": "2024-10-17T19:40:46.837Z",
        "System.ChangedBy": "Jonathan Sanderson <jonathan@training.rocketsolid.ca>",
        "System.Title": "Toggle the \"View Dependencies\"",
        "Microsoft.VSTS.Scheduling.Effort": 0.0,
        "System.Description": null,
        "System.AssignedTo": null,
        "Microsoft.VSTS.Scheduling.RemainingWork": 0.0,
        "Microsoft.VSTS.Common.Priority": 2.0,
        "System.BoardLane": null,
        "System.Tags": "visualize",
        "Microsoft.VSTS.TCM.Steps": null,
        "Microsoft.VSTS.TCM.Parameters": null,
        "Microsoft.VSTS.TCM.LocalDataSource": null,
        "Microsoft.VSTS.TCM.AutomationStatus": null,
        "System.History": null
      },
      "relations": [
        {
          "rel": "System.LinkTypes.Hierarchy-Reverse",
          "url": "https://dev.azure.com/rs-ado-training/_apis/wit/workItems/559",
          "attributes": {
            "isLocked": "false",
            "name": "Parent"
          }
        }
      ],
      "url": "https://dev.azure.com/rs-ado-training/_apis/wit/workItems/564"
    },
    {
      "id": 565,
      "rev": 1,
      "fields": {
        "System.AreaPath": "Azure DevOps Training WCB-Alberta",
        "System.TeamProject": "Azure DevOps Training WCB-Alberta",
        "System.IterationPath": "$ProjectName$\\Iteration 1",
        "System.WorkItemType": "Task",
        "System.State": "New",
        "System.Reason": "New",
        "System.CreatedDate": "2024-10-17T19:41:29.773Z",
        "System.CreatedBy": "Jonathan Sanderson <jonathan@training.rocketsolid.ca>",
        "System.ChangedDate": "2024-10-17T19:41:29.773Z",
        "System.ChangedBy": "Jonathan Sanderson <jonathan@training.rocketsolid.ca>",
        "System.Title": "Resolve the dependencies through planing activities",
        "Microsoft.VSTS.Scheduling.Effort": 0.0,
        "System.Description": null,
        "System.AssignedTo": null,
        "Microsoft.VSTS.Scheduling.RemainingWork": 0.0,
        "Microsoft.VSTS.Common.Priority": 2.0,
        "System.BoardLane": null,
        "System.Tags": null,
        "Microsoft.VSTS.TCM.Steps": null,
        "Microsoft.VSTS.TCM.Parameters": null,
        "Microsoft.VSTS.TCM.LocalDataSource": null,
        "Microsoft.VSTS.TCM.AutomationStatus": null,
        "System.History": null
      },
      "relations": [
        {
          "rel": "System.LinkTypes.Hierarchy-Reverse",
          "url": "https://dev.azure.com/rs-ado-training/_apis/wit/workItems/559",
          "attributes": {
            "isLocked": "false",
            "name": "Parent"
          }
        }
      ],
      "url": "https://dev.azure.com/rs-ado-training/_apis/wit/workItems/565"
    },
    {
      "id": 566,
      "rev": 1,
      "fields": {
        "System.AreaPath": "Azure DevOps Training WCB-Alberta",
        "System.TeamProject": "Azure DevOps Training WCB-Alberta",
        "System.IterationPath": "$ProjectName$\\Iteration 1",
        "System.WorkItemType": "Task",
        "System.State": "New",
        "System.Reason": "New",
        "System.CreatedDate": "2024-10-17T19:41:38.1Z",
        "System.CreatedBy": "Jonathan Sanderson <jonathan@training.rocketsolid.ca>",
        "System.ChangedDate": "2024-10-17T19:41:38.1Z",
        "System.ChangedBy": "Jonathan Sanderson <jonathan@training.rocketsolid.ca>",
        "System.Title": "Add markers to the delivery plan",
        "Microsoft.VSTS.Scheduling.Effort": 0.0,
        "System.Description": null,
        "System.AssignedTo": null,
        "Microsoft.VSTS.Scheduling.RemainingWork": 0.0,
        "Microsoft.VSTS.Common.Priority": 2.0,
        "System.BoardLane": null,
        "System.Tags": null,
        "Microsoft.VSTS.TCM.Steps": null,
        "Microsoft.VSTS.TCM.Parameters": null,
        "Microsoft.VSTS.TCM.LocalDataSource": null,
        "Microsoft.VSTS.TCM.AutomationStatus": null,
        "System.History": null
      },
      "relations": [
        {
          "rel": "System.LinkTypes.Hierarchy-Reverse",
          "url": "https://dev.azure.com/rs-ado-training/_apis/wit/workItems/559",
          "attributes": {
            "isLocked": "false",
            "name": "Parent"
          }
        }
      ],
      "url": "https://dev.azure.com/rs-ado-training/_apis/wit/workItems/566"
    },
    {
      "id": 567,
      "rev": 2,
      "fields": {
        "System.AreaPath": "Azure DevOps Training WCB-Alberta",
        "System.TeamProject": "Azure DevOps Training WCB-Alberta",
        "System.IterationPath": "$ProjectName$\\Iteration 1",
        "System.WorkItemType": "Task",
        "System.State": "New",
        "System.Reason": "New",
        "System.CreatedDate": "2024-10-17T19:41:47.85Z",
        "System.CreatedBy": "Jonathan Sanderson <jonathan@training.rocketsolid.ca>",
        "System.ChangedDate": "2024-10-17T19:41:56.523Z",
        "System.ChangedBy": "Jonathan Sanderson <jonathan@training.rocketsolid.ca>",
        "System.Title": "Participate in the discussion",
        "Microsoft.VSTS.Scheduling.Effort": 0.0,
        "System.Description": null,
        "System.AssignedTo": null,
        "Microsoft.VSTS.Scheduling.RemainingWork": 0.0,
        "Microsoft.VSTS.Common.Priority": 2.0,
        "System.BoardLane": null,
        "System.Tags": "discussion",
        "Microsoft.VSTS.TCM.Steps": null,
        "Microsoft.VSTS.TCM.Parameters": null,
        "Microsoft.VSTS.TCM.LocalDataSource": null,
        "Microsoft.VSTS.TCM.AutomationStatus": null,
        "System.History": null
      },
      "relations": [
        {
          "rel": "System.LinkTypes.Related",
          "url": "https://dev.azure.com/rs-ado-training/_apis/wit/workItems/545",
          "attributes": {
            "isLocked": "false",
            "name": "Related"
          }
        },
        {
          "rel": "System.LinkTypes.Related",
          "url": "https://dev.azure.com/rs-ado-training/_apis/wit/workItems/558",
          "attributes": {
            "isLocked": "false",
            "name": "Related"
          }
        },
        {
          "rel": "System.LinkTypes.Hierarchy-Reverse",
          "url": "https://dev.azure.com/rs-ado-training/_apis/wit/workItems/559",
          "attributes": {
            "isLocked": "false",
            "name": "Parent"
          }
        }
      ],
      "url": "https://dev.azure.com/rs-ado-training/_apis/wit/workItems/567"
    },
    {
      "id": 569,
      "rev": 2,
      "fields": {
        "System.AreaPath": "Azure DevOps Training WCB-Alberta",
        "System.TeamProject": "Azure DevOps Training WCB-Alberta",
        "System.IterationPath": "$ProjectName$\\Iteration 1",
        "System.WorkItemType": "Task",
        "System.State": "New",
        "System.Reason": "New",
        "System.CreatedDate": "2024-10-17T19:43:38.437Z",
        "System.CreatedBy": "Jonathan Sanderson <jonathan@training.rocketsolid.ca>",
        "System.ChangedDate": "2024-10-17T19:45:10.95Z",
        "System.ChangedBy": "Jonathan Sanderson <jonathan@training.rocketsolid.ca>",
        "System.Title": "Download exercise .csv files",
        "Microsoft.VSTS.Scheduling.Effort": 0.0,
        "System.Description": "<div>Download files here&nbsp;<a href=\"https://github.com/sanderjson/temp-ado-csv-demo\">https://github.com/sanderjson/temp-ado-csv-demo</a> </div><div>&nbsp; </div>",
        "System.AssignedTo": null,
        "Microsoft.VSTS.Scheduling.RemainingWork": 0.0,
        "Microsoft.VSTS.Common.Priority": 2.0,
        "System.BoardLane": null,
        "System.Tags": null,
        "Microsoft.VSTS.TCM.Steps": null,
        "Microsoft.VSTS.TCM.Parameters": null,
        "Microsoft.VSTS.TCM.LocalDataSource": null,
        "Microsoft.VSTS.TCM.AutomationStatus": null,
        "System.History": null
      },
      "relations": [
        {
          "rel": "System.LinkTypes.Hierarchy-Reverse",
          "url": "https://dev.azure.com/rs-ado-training/_apis/wit/workItems/568",
          "attributes": {
            "isLocked": "false",
            "name": "Parent"
          }
        }
      ],
      "url": "https://dev.azure.com/rs-ado-training/_apis/wit/workItems/569"
    },
    {
      "id": 570,
      "rev": 1,
      "fields": {
        "System.AreaPath": "Azure DevOps Training WCB-Alberta",
        "System.TeamProject": "Azure DevOps Training WCB-Alberta",
        "System.IterationPath": "$ProjectName$\\Iteration 1",
        "System.WorkItemType": "Task",
        "System.State": "New",
        "System.Reason": "New",
        "System.CreatedDate": "2024-10-17T19:46:07.38Z",
        "System.CreatedBy": "Jonathan Sanderson <jonathan@training.rocketsolid.ca>",
        "System.ChangedDate": "2024-10-17T19:46:07.38Z",
        "System.ChangedBy": "Jonathan Sanderson <jonathan@training.rocketsolid.ca>",
        "System.Title": "Try to import WIs from file 1",
        "Microsoft.VSTS.Scheduling.Effort": 0.0,
        "System.Description": null,
        "System.AssignedTo": null,
        "Microsoft.VSTS.Scheduling.RemainingWork": 0.0,
        "Microsoft.VSTS.Common.Priority": 2.0,
        "System.BoardLane": null,
        "System.Tags": null,
        "Microsoft.VSTS.TCM.Steps": null,
        "Microsoft.VSTS.TCM.Parameters": null,
        "Microsoft.VSTS.TCM.LocalDataSource": null,
        "Microsoft.VSTS.TCM.AutomationStatus": null,
        "System.History": null
      },
      "relations": [
        {
          "rel": "System.LinkTypes.Hierarchy-Reverse",
          "url": "https://dev.azure.com/rs-ado-training/_apis/wit/workItems/568",
          "attributes": {
            "isLocked": "false",
            "name": "Parent"
          }
        }
      ],
      "url": "https://dev.azure.com/rs-ado-training/_apis/wit/workItems/570"
    },
    {
      "id": 571,
      "rev": 1,
      "fields": {
        "System.AreaPath": "Azure DevOps Training WCB-Alberta",
        "System.TeamProject": "Azure DevOps Training WCB-Alberta",
        "System.IterationPath": "$ProjectName$\\Iteration 1",
        "System.WorkItemType": "Task",
        "System.State": "New",
        "System.Reason": "New",
        "System.CreatedDate": "2024-10-17T19:46:09.417Z",
        "System.CreatedBy": "Jonathan Sanderson <jonathan@training.rocketsolid.ca>",
        "System.ChangedDate": "2024-10-17T19:46:09.417Z",
        "System.ChangedBy": "Jonathan Sanderson <jonathan@training.rocketsolid.ca>",
        "System.Title": "Try to import WIs from file 2",
        "Microsoft.VSTS.Scheduling.Effort": 0.0,
        "System.Description": null,
        "System.AssignedTo": null,
        "Microsoft.VSTS.Scheduling.RemainingWork": 0.0,
        "Microsoft.VSTS.Common.Priority": 2.0,
        "System.BoardLane": null,
        "System.Tags": null,
        "Microsoft.VSTS.TCM.Steps": null,
        "Microsoft.VSTS.TCM.Parameters": null,
        "Microsoft.VSTS.TCM.LocalDataSource": null,
        "Microsoft.VSTS.TCM.AutomationStatus": null,
        "System.History": null
      },
      "relations": [
        {
          "rel": "System.LinkTypes.Hierarchy-Reverse",
          "url": "https://dev.azure.com/rs-ado-training/_apis/wit/workItems/568",
          "attributes": {
            "isLocked": "false",
            "name": "Parent"
          }
        }
      ],
      "url": "https://dev.azure.com/rs-ado-training/_apis/wit/workItems/571"
    },
    {
      "id": 572,
      "rev": 1,
      "fields": {
        "System.AreaPath": "Azure DevOps Training WCB-Alberta",
        "System.TeamProject": "Azure DevOps Training WCB-Alberta",
        "System.IterationPath": "$ProjectName$\\Iteration 1",
        "System.WorkItemType": "Task",
        "System.State": "New",
        "System.Reason": "New",
        "System.CreatedDate": "2024-10-17T19:46:11.507Z",
        "System.CreatedBy": "Jonathan Sanderson <jonathan@training.rocketsolid.ca>",
        "System.ChangedDate": "2024-10-17T19:46:11.507Z",
        "System.ChangedBy": "Jonathan Sanderson <jonathan@training.rocketsolid.ca>",
        "System.Title": "Try to import WIs from file 3",
        "Microsoft.VSTS.Scheduling.Effort": 0.0,
        "System.Description": null,
        "System.AssignedTo": null,
        "Microsoft.VSTS.Scheduling.RemainingWork": 0.0,
        "Microsoft.VSTS.Common.Priority": 2.0,
        "System.BoardLane": null,
        "System.Tags": null,
        "Microsoft.VSTS.TCM.Steps": null,
        "Microsoft.VSTS.TCM.Parameters": null,
        "Microsoft.VSTS.TCM.LocalDataSource": null,
        "Microsoft.VSTS.TCM.AutomationStatus": null,
        "System.History": null
      },
      "relations": [
        {
          "rel": "System.LinkTypes.Hierarchy-Reverse",
          "url": "https://dev.azure.com/rs-ado-training/_apis/wit/workItems/568",
          "attributes": {
            "isLocked": "false",
            "name": "Parent"
          }
        }
      ],
      "url": "https://dev.azure.com/rs-ado-training/_apis/wit/workItems/572"
    },
    {
      "id": 573,
      "rev": 1,
      "fields": {
        "System.AreaPath": "Azure DevOps Training WCB-Alberta",
        "System.TeamProject": "Azure DevOps Training WCB-Alberta",
        "System.IterationPath": "$ProjectName$\\Iteration 1",
        "System.WorkItemType": "Task",
        "System.State": "New",
        "System.Reason": "New",
        "System.CreatedDate": "2024-10-17T19:46:13.5Z",
        "System.CreatedBy": "Jonathan Sanderson <jonathan@training.rocketsolid.ca>",
        "System.ChangedDate": "2024-10-17T19:46:13.5Z",
        "System.ChangedBy": "Jonathan Sanderson <jonathan@training.rocketsolid.ca>",
        "System.Title": "Try to import WIs from file 4",
        "Microsoft.VSTS.Scheduling.Effort": 0.0,
        "System.Description": null,
        "System.AssignedTo": null,
        "Microsoft.VSTS.Scheduling.RemainingWork": 0.0,
        "Microsoft.VSTS.Common.Priority": 2.0,
        "System.BoardLane": null,
        "System.Tags": null,
        "Microsoft.VSTS.TCM.Steps": null,
        "Microsoft.VSTS.TCM.Parameters": null,
        "Microsoft.VSTS.TCM.LocalDataSource": null,
        "Microsoft.VSTS.TCM.AutomationStatus": null,
        "System.History": null
      },
      "relations": [
        {
          "rel": "System.LinkTypes.Hierarchy-Reverse",
          "url": "https://dev.azure.com/rs-ado-training/_apis/wit/workItems/568",
          "attributes": {
            "isLocked": "false",
            "name": "Parent"
          }
        }
      ],
      "url": "https://dev.azure.com/rs-ado-training/_apis/wit/workItems/573"
    }
  ],
  "HttpStatusCode": 0,
  "Message": null
}